7145
93337
-66512
-22245
-97559
64510
-23761
33417
14163
45373
-92807
-32587
78540
-22912
-8986
-42977
53019
-48393
3943
-92207
97315
-45885
-54708
-69609
-6494
25264
-35460
64221
59884
94427
-39788
74460
-51706
-72803
-44032
-13504
96881
-85976
78573
-76023
63597
84859
-17761
-79339
-41617
-61042
70829
21000
98334
-98816
-39619
-5078
5329
-6164
98001
77185
-10388
-58373
-64013
54779
13400
9603
46249
97319
-88586
-6165
-49425
-49093
-97962
25049
-81570
49410
-72901
-10254
42946
76077
-69048
88970
26003
51908
68268
-90497
99019
47399
71663
-2165
-41607
-23137
29578
74346
-85841
-16853
29652
-17030
58303
41801
86283
53326
25604
79355
-77922
-36364
81821
-29446
-10404
-66405
-60958
-93130
-560
10235
5713
-49975
8462
47321
-86561
50943
76406
-51965
63294
-73606
38994
11013
82380
-23534
-92742
27566
-64641
66607
-39909
-42476
-81388
82395
34852
59206
32089
-82469
74313
-75178
-79024
77251
-1809
61411
-70686
-96107
-81681
-46255
-79988
-3315
88272
98993
24722
-34540
11235
-21396
40281
-8160
-14720
68826
71143
63602
15114
-15274
-66902
-90233
17396
86940
69399
-44842
89885
-45398
-59005
17930
-48084
66719
22659
46415
-97602
4350
78591
71196
4629
64536
89942
-79756
-37254
-135
607
-19978
22529
85361
-75873
9294
89910
81871
-38791
18637
-6217
96213
77891
-27951
3981
-49309
85945
-44111
-59189
-67743
76391
80576
-10468
-26808
-28674
-5185
67826
39301
59774
38403
93015
-64258
-53355
-42382
-62486
-49077
-36176
74987
19364
-83431
-13356
-11393
-61948
-44331
45565
-88677
54674
-50284
-11911
-69330
71548
-88939
-45145
-82669
13379
-97726
68364
85177
-33593
53948
-92067
-907
-33533
-79332
53058
9301
-42179
84796
-87916
32
49934
80935
31725
-70160
-10402
-20525
86715
24564
63618
-17179
-98451
-44060
-65417
27210
-24240
73696
-43655
3106
-35598
-94602
7239
18209
-56812
-21941
41409
61609
-5326
22303
-47873
-39177
17757
-74962
-51832
-11950
24501
-32634
87931
82509
-48569
-74133
74709
73838
77417
-3068
-64872
79220
35206
-90358
-90593
86209
-3134
-9
-87369
-80078
-36287
-45624
36609
89325
-83113
3343
71039
-6488
-25635
-26331
14266
-56431
90881
7882
-45439
-87133
5513
-31473
36297
85142
2394
-62375
61058
11259
-13758
94145
-63544
-63330
-52531
-6100
1077
-78178
86037
21360
12340
-86787
35457
-67084
97941
67424
-73545
67601
-50468
6622
-96893
49983
70673
-59488
2878
-34768
-37044
99034
-66904
-39816
-75422
79624
56460
40818
-63673
98558
-77924
56565
96186
-55115
98897
21674
-78985
-69392
16442
54051
98718
-76912
-40883
1644
60661
76063
-19693
62563
-125
-56547
-44636
-86130
-5849
52604
85342
57862
-4577
89647
-3053
46336
-89711
-89569
-20552
-35310
34157
52663
99232
86801
-82091
84128
-54877
-90296
-53715
2988
92269
24751
-79563
26477
-47664
-2992
-3752
-69183
31663
12139
-4841
-56541
-92716
5797
96944
-98757
-24372
-66970
1224
47829
-19044
73281
61833
-94530
80364
-45126
-30466
-29113
-85843
-14289
48314
82251
-64099
45224
-42413
-89036
-8947
-41386
11776
-24321
-19634
-62179
27582
-3433
-19107
-59184
50094
85930
8966
-93025
-36134
-20817
-45993
-76547
-20727
904
80223
94898
-42815
44724
-68786
92501
45174
84333
32932
22831
39506
83979
-91335
-14057
-66737
-69649
-78057
94074
51985
94029
69554
-18581
-10225
35201
-31961
-10882
-54252
-53458
14630
47988
38602
2138
71361
-91592
39721
-17224
-99799
86705
25345
99904
78244
97728
-59540
-20871
44830
-45425
27405
5025
-70088
38998
44551
69910
-31639
-22614
-96023
-11339
86754
3096
1361
-43394
16097
33773
80659
98395
77634
75178
-10913
-23033
97111
-96190
5352
81781
23813
-36362
-71758
-49639
-82214
58896
-73090
57776
47186
63240
42168
45306
-35340
-23367
-4620
-36113
-97304
65325
42644
-49513
-3743
70977
-46740
-12220
-587
-68227
75530
26609
-24473
3844
86554
-26177
80711
75406
91380
27736
-46169
28669
-720
33613
-92417
-91274
81219
53476
90850
-84483
-55451
14030
-57110
-57087
-56943
-22574
-29490
-8039
-73596
91563
-48180
3156
-40855
50859
-30450
-48872
45963
92780
8083
-10902
73135
77463
68242
11410
-12145
35751
-55799
96091
79565
54995
-54914
-93996
-414
-40474
-96536
29188
-64630
-48276
27412
-51749
-35214
49124
51610
82174
77178
-62365
-94091
-48587
-22311
-17606
-38319
53738
94379
96475
-79286
-30118
85797
-4533
-16531
-17208
-11941
-66307
95140
-6982
7186
72452
-61217
-8464
-29129
-69710
-37269
-14240
11728
-39466
-39839
12407
26924
57680
12108
51900
-59518
43283
-99880
90645
64172
16462
-97795
79629
63004
41647
28527
27511
-94641
34675
-76687
-4364
-86605
-63779
20458
-35583
17128
-91657
85991
44098
-89567
-96126
-66692
53511
-84060
-33974
24181
-52516
59557
92801
-56359
-81379
42178
-90102
-43894
-68727
-54397
18973
-19682
-33084
-55486
-65538
71862
-15026
-25441
57763
-98719
-69324
-44018
82758
70941
-777
80905
-15510
40036
-65461
-48105
15566
72126
18053
-20570
-26731
-11572
-8036
-7244
65442
-44980
8959
92721
-86785
31706
95129
-50480
29587
-23939
-88928
74379
44623
94968
41546
-82107
81391
-6343
-89439
20523
77411
49792
-2758
93581
-70971
-34443
32249
-55486
-44761
14598
-13833
-14222
9729
92443
-63018
27451
-53594
-83981
-12165
-35704
-28520
-1715
-68352
-19833
-27094
-4308
89045
-79347
-92109
57001
-99932
-16005
26170
34210
-25559
63254
5074
14845
-78351
93984
-26839
28976
-92973
89663
-7318
68498
-53480
-61606
37540
-20566
11622
61762
-80436
-33529
89192
-87353
-64807
75693
-8766
-86959
92541
74770
-49878
50207
-33320
-73494
-99042
2684
67647
-15311
40992
35639
-33062
34709
-12016
23039
-1173
-68923
43846
38444
-87044
-72861
92937
-52417
59833
-11525
96597
-89634
93709
-31445
-44429
34376
28725
23305
76125
2881
13669
-19657
87050
55629
-62514
67705
-95893
92314
41243
52660
46488
-51980
-31096
88364
91598
-57972
-8997
-30088
91140
67232
15780
74369
835
97378
7643
-47548
96323
47877
99861
-54541
-71757
33606
-41500
77607
93570
-47329
-42663
93423
93301
14001
30363
62972
-81805
-95412
91254
-38105
-42774
17585
-26848
-51552
17979
40552
-81903
-19295
-21811
36776
-11858
40449
-28333
-45287
86561
-9628
2522
46010
17397
-95372
-78464
99415
19316
46955
89329
-75862
-41496
54255
11658
14692
83380
-38924
-96631
-6166
-37562
-22259
30712
96587
-96622
-51094
-74041
-87349
65658
6897
786
19750
-3300
-55486
41256
-95324
42658
52001
44746
-11467
-86036
24183
-34713
17112
37529
-47442
71708
-36509
-5112
90080
68849
-29504
-35240
61843
27440
-33043
83614
-1553
83179
44445
1090
-34061
44702
27461
-71023
-18035
-31484
4671
-64359
-68119
-6959
40271
-67136
32468
-27863
-49982
-93646
81951
-21273
-62278
96615
-53042
17344
78395
75491
-82461
-99410
-76844
15310
-63520
-67193
65071
64692
24032
-47022
-49533
60672
26633
-32230
-85232
-95633
-91587
34759
-97616
54459
-83745
-59683
-55222
47029
31617
-43841
98938
-73493
-33412
-87174
-54476
-38997
7381
-29319
-14596
-99359
50379
-51314
-52225
87559
80475
89745
17380
-50993
-69193
88292
-25607
70161
-98327
-26178
-32989
23722
67330
-29419
44666
-35381
-50845
72240
-75185
-3349
-1654
-46100
-85587
66604
82961
-69090
-67555
19845
38400
82335
9563
13963
45337
36564
10439
97169
-11917
-53557
-38718
52712
72588
5255
84087
27073
-58104
69583
94042
-61859
49606
27508
-55899
48627
19261
80677
78909
73222
-21226
-57522
-35928
-81222
71963
-14453
-56747
-61291
-44620
-88204
61766
26593
-78630
96469
57328
76049
41750
57266
-22462
-45315
-9338
45869
53973
66831
95481
46657
-54720
-27434
99797
-56241
71336
-55048
74541
-45042
-25304
27752
-64647
-23050
-85273
5155
57747
76838
-76880
-75944
-14080
-14176
-74153
91610
-95162
-25234
71305
-11961
35777
-2046
76640
-49480
38298
29177
9405
90645
54694
-29049
-73086
-44315
-21058
70059
92484
-14004
78188
26868
30450
-3521
-96978
7507
-28090
-65276
-9613
84406
64020
-26905
3115
5513
-99703
-98918
79108
-81430
86562
57298
17975
-6405
-66278
8812
57721
58229
82036
87664
53974
-21664
-90197
-73864
60356
-84050
95590
37427
-64381
-11982
-74877
-76290
-47809
70575
3716
-73455
86430
-14901
12477
53537
-58569
-30843
49678
12244
67241
36945
-24503
22510
-5002
-49374
96943
-7469
2296
41434
22804
-82822
-99074
95316
80360
17857
91523
-68499
38019
979
-81384
-12656
-6402
11422
65497
3414
-66484
57991
79220
7077
93325
-71609
-80618
4235
-47887
-4956
25440
-2994
32580
-80453
61569
-55708
-63047
798
89265
-14305
-28942
-74023
-45247
12974
54250
18021
90237
71164
-95162
-39244
16564
-41413
-93808
-30096
37035
-44407
-96704
93077
27379
-58405
79478
-19641
-91444
93251
-70303
63627
-32666
50773
54078
-66331
95706
-89062
-29202
47376
-78477
37688
12149
-10486
-95720
-96716
21295
37943
-67323
-66201
-4897
46562
-15255
-57401
17251
93614
-30272
42577
-45086
-59000
-33041
-18649
-5634
-64072
36497
-95246
80387
14268
-56793
99610
-64834
-37173
14066
-34109
-94814
96732
44079
16802
-4253
-55317
71568
-2384
34680
32559
-14968
92100
-74227
-1555
-45929
-23726
-81218
-22210
24202
98092
6038
-79059
-57234
54278
92265
-9427
1299
-90288
82863
-13542
-81131
42137
54353
92980
-91058
-60825
61617
-75916
-64004
-11613
-29158
64512
-81220
21649
-8149
-78296
16127
-36390
37283
-42725
21097
-99809
47475
27646
65120
6002
-77140
-9310
-10069
-54977
96856
-56576
42033
82799
-67639
-54995
-25974
-28149
-54432
-44547
-91137
44677
-92542
54056
12830
30348
-89063
-26856
-93162
39589
-6797
86142
30696
-14870
-23993
46473
15771
94000
-83977
-8956
-9184
-76999
-6331
-59889
41357
-17938
40137
42297
9901
49231
-66588
12993
19114
-411
-97183
84150
-29872
-88642
45993
56348
95911
-60311
47149
-76202
13358
-55041
69975
78073
78677
-82354
-38134
-12179
-7266
70705
-38569
-41155
45131
-86388
-88334
-80872
-26813
17509
9648
44333
-14965
-74338
-30042
-67802
32935
48590
51497
49019
17494
10441
-4302
32776
57297
34160
51435
-87018
-32596
56327
-36113
98217
38220
-93744
-15331
-21768
-26201
86206
-59779
-99036
-15880
-65625
-68408
-87858
8652
31076
-79787
76348
48766
-78742
-49219
26771
40543
71610
89591
80319
490
-46586
-33291
40842
2841
29388
-50653
-40036
-13775
-60635
97775
97409
11786
25869
50269
-99719
41562
-98264
-39178
40991
5531
-28765
64226
-59849
92482
56172
65545
27116
-13128
-19578
90671
-56039
-4934
46374
55410
-14574
-48396
-31665
71440
94408
-76649
55572
54205
-49590
84581
-76043
81190
-72095
44825
72261
67490
39036
-7404
-37505
-94637
-48947
-33229
-61956
84227
-65619
65326
85432
-83070
34420
-17230
51900
-22512
-40438
95719
96488
-90557
-32900
-95803
54966
-72643
-47766
84639
-69705
18455
16836
-64151
75159
64181
11258
98309
24739
60153
54680
20552
97159
-58715
-35841
3027
-10813
-99520
57108
11230
55588
97000
8363
-53648
-34332
-20077
39372
52304
70616
10801
71202
39468
-19261
-44989
-35410
-28835
-25744
19225
-44098
-83839
-15623
-48930
42623
42111
-66736
5694
-12194
36684
-10636
-55679
-12038
25844
1457
23452
-13285
-96959
-74267
-87013
96163
177
52859
-46130
12819
91748
84199
-59407
19027
29901
-1593
-36218
46421
65833
10935
-98070
-64118
-49317
22931
-26027
30887
-56032
-65800
68143
-979
4632
85982
-48772
-84886
-71926
-93354
-27533
-58288
828
-59011
90764
12915
26622
-48407
77752
-71702
42371
36480
-76709
-28765
-97871
7689
-47870
-93309
10783
40783
83723
-96646
-84263
65113
42384
-79808
-70846
-3051
-19826
-80044
-19817
-32750
84027
14807
-12048
-14400
84642
9890
-85579
-11508
-33095
-60808
45896
-96176
-40812
-7468
6797
87214
33694
-17212
44789
-13690
-11035
-20887
41026
5509
20154
-62062
33943
-36370
42308
19186
-8488
-6798
80104
-53665
-41584
81568
25278
-64026
65534
-64432
-747
-25332
89844
70095
20309
83986
-11867
66036
21271
-40989
79098
-57043
33875
682
-91399
-75579
70497
-3489
-31542
98241
93950
-94989
-95423
-95752
46364
50723
5076
82192
419
99860
89386
10277
83900
-23766
88305
-47991
45550
-44137
-42643
32962
-88910
-78598
25149
-57227
-20905
11883
58184
89423
75041
51067
45703
-27203
-90138
-19791
641
-68877
10699
-73585
-15539
-60979
-17291
30097
-37154
33846
-94483
80272
58225
47831
34606
-63706
-71781
54632
-38435
-5468
28624
-94949
-22814
-51353
-17403
-3424
99782
-83067
-21321
58048
-8021
-54313
47524
-17500
90833
-19934
-28355
-68043
-44578
-57419
95869
-57835
-71616
66708
17100
3993
16576
99532
76285
-48024
-90462
-27419
19032
-84086
-99047
-59234
-52136
94642
78775
-50806
-22279
-90782
42453
-36827
4618
91685
33199
-3390
-56708
29324
-28877
-24092
6221
-84311
55616
-17141
-86778
-13129
-95304
59441
80486
-16618
33313
92504
-83058
42964
-9006
-37636
91932
80992
-22679
-91172
68968
84725
52860
78498
-74625
-93304
22959
49301
-54091
-62160
-37724
-77100
-53069
-52038
96935
57068
27160
65512
-92259
7471
-29054
-98672
-42029
-77919
-94904
94095
48625
22600
5101
-1951
-91565
4792
96222
-49409
-81521
39917
-12599
40018
-13415
59448
-90555
-55026
-66130
-60513
-94404
24087
97442
-56938
29300
-62604
96433
15008
56151
-12702
-28045
98877
-30267
22695
23989
88067
-19482
67454
-22785
89989
68316
31598
4119
41651
49689
73261
-28877
43713
56824
35830
83458
-90608
15759
-93890
-7079
-93325
76949
-97799
-58121
-68441
-34966
4525
2831
37314
-48971
-94930
-52057
-15455
10120
-61721
25333
44805
-75912
-55932
18179
14913
-97954
84162
-46858
2978
-14451
-46218
-92656
-44371
45405
62753
-86701
33615
99532
17948
11947
-10866
90848
1009
-41810
-76686
49695
50433
80477
77059
55310
-67421
79466
-9286
-25400
90920
42393
70846
-52858
88575
96661
83560
-54466
66405
-76859
71801
-12089
51459
52725
-22321
-47840
43143
68071
-1942
-21592
11125
-38206
40118
-49385
88648
-4872
10895
46716
28302
24904
34041
77895
55233
60567
11809
-79969
39568
72585
36466
-90225
91131
29039
84956
-52078
73617
80866
-19567
-27482
-25842
-50430
-97392
-19507
-70193
76002
-99268
-32485
-69853
9365
-78705
46580
94730
-21098
36292
-90086
96239
-9301
97843
35302
-90532
64521
-99274
-94838
35262
23279
-25474
64657
-12739
47772
-11043
-40772
84310
38026
23207
-8235
26417
-18781
48682
95324
-38522
78476
-36803
41414
24857
47526
-20065
41690
29596
61712
-59194
10159
94150
99483
63719
96868
21791
-37148
-46487
-12725
-70157
-18869
41975
7273
-76900
92449
1883
24643
-67910
37995
-47809
-62728
-77375
90246
-59822
-78601
-90805
30790
-76855
-23669
42781
-37134
53589
-32345
20322
-69790
-42382
-51263
98229
91635
-5571
-64487
99062
-6747
95321
-46853
-99388
-85096
-2749
88192
-34158
96809
40933
50008
-31545
75842
50890
8869
-87942
45530
26538
5869
-11564
-55751
-23798
-21360
-47542
-73633
-39049
84163
32857
4958
8001
28630
-21545
10600
-30749
-44755
-92902
77010
87339
-73679
-17166
56935
-57584
-85587
-29934
36898
-10665
-38681
-45303
12945
36626
75007
-23943
62879
5471
85416
-60514
45598
-40259
-86334
-23413
-92026
-54855
84648
-60494
84198
-69794
45290
91620
-42233
53958
-82167
-62652
50748
5643
89454
-25461
-54165
70022
-75157
64197
-62667
-35938
-9378
-88259
57002
55185
-13459
7562
59246
-98089
-54841
31303
-72694
-98101
-57580
-66567
41042
-93204
49699
-67691
-53246
14703
-36769
-68555
-37120
58010
46311
-61307
-93735
-16413
60119
22309
-28588
-29874
38138
22119
25371
-21554
-24853
39264
-21335
93679
6871
-3406
11457
77144
-58703
-73427
64026
-79751
-94711
52776
-80972
-53226
29268
-26950
25629
-44060
14506
61025
59291
-76384
18864
12252
55512
64581
3388
69712
47502
-61670
26060
-47712
-39628
84208
66543
-5817
-13951
41131
44067
-26123
-692
-19357
-49342
-44209
-39629
-36599
-13434
79613
-94038
-46591
-28440
-55759
-47261
70578
-81221
1676
53844
69721
-38460
44119
19252
33299
-46523
-98684
11889
-9859
50419
-24863
-27684
67236
54569
43994
-37607
14451
-40889
-97764
-4775
-7059
72381
-35705
-47667
-57392
70517
49272
-10078
-2413
-17309
-96017
-80965
-92483
-75710
26578
72045
82537
15172
26404
56566
-57627
82927
36009
67090
47052
-62170
64603
-86347
-4935
-71427
7517
38885
7519
5706
-4106
-24670
93558
-90848
-56013
90357
79411
-48659
-77153
-6234
47029
98007
-56572
-32660
-70582
-19253
-32137
71847
-14397
77377
-84132
-79836
4578
22647
-94068
-83815
-56409
6055
19554
-93948
57763
28989
-12473
72059
51401
-50030
-35316
2192
-65636
-78862
-35799
80124
6613
57187
-2495
52669
-11623
66993
80701
-35755
-10980
3047
-36414
19477
-57296
-4426
68824
35202
-31453
92163
7310
641
-64885
-20998
-78994
75133
-16914
94021
8424
-96854
8331
77488
91022
10281
-18391
50556
-24006
29682
-11020
-18585
2487
9531
71213
-57408
-18579
28159
71728
71269
-83001
61247
-99084
-41867
-91826
-97456
-86541
48758
-33237
-38525
-4173
-56158
96348
91873
28484
-93441
96054
-94634
97480
2743
27323
-94797
30867
67756
55734
8368
-40662
95538
-40382
29692
-36597
53719
10627
249
52060
49358
94880
94241
17856
44400
34032
-77628
27943
-46368
69779
27475
424
17176
12319
18256
-3606
-18804
-840
2334
93777
83271
62499
-34145
-88874
-90790
6500
-95826
-13155
-27844
-33383
-64154
-2171
-72035
-75311
-82888
-73340
25545
11813
-12412
93088
-1461
49262
-68449
-86958
32469
34302
41892
-91318
-60194
17063
34723
94832
7052
-57504
19368
-34818
-68775
73303
-78959
-80281
9260
-77911
-87881
-53178
-5381
-35684
10800
61290
-96834
-63816
77732
58553
-92950
26182
-71262
67907
66778
44342
36914
44839
-60374
-6461
34426
-1967
-78635
42240
53577
17879
42901
51665
87245
19519
-54637
-8126
-1190
-71940
-93486
51755
89408
81999
8969
65192
-9372
-38743
-52408
58192
-20735
-88557
-81704
16069
-645
24142
-79925
-12543
-97105
-73983
-28120
76371
13841
-2056
-19241
-14881
-69206
92870
-18390
-78745
-62792
-24236
75663
96637
-6985
-22414
-7812
15772
-22555
-94673
75610
-92352
509
66562
61553
56520
-20414
-10092
18974
92471
-17643
-38207
-63895
41923
-47093
-4471
-7892
20731
99984
13217
53954
46145
-38276
-64074
-40736
25874
88811
-87898
-67275
-97829
-90829
-10942
-38931
83185
80974
26868
30583
-18558
-84771
98960
2073
-35514
29013
95186
29650
58102
-9262
40629
90644
-78659
-89772
22039
-58302
11879
48430
-91739
-27989
38655
34398
95074
-41412
95784
75534
16519
-84137
-55430
-84561
-35235
-5891
64705
85050
-93925
61945
-62667
-95727
-492
81159
-13149
48815
60851
-6820
64585
87587
36463
-38827
-81126
-91919
28559
5883
43596
-33235
-94460
-69926
-95627
-91034
22137
42606
-13834
-8015
-81275
50875
-47812
92572
22198
-89565
-22140
-53897
45017
-18929
91221
-6568
23302
27620
29951
39911
53866
46498
15632
39784
48285
-41883
95620
-90314
-71554
-14580
-42794
-64044
-28935
45229
-26654
-3147
85535
27036
-91341
-199
6622
-23719
-65403
60547
-31054
9811
62771
70156
50088
-22191
35805
70327
62254
75286
-63096
-37375
52537
98040
-1024
28100
-25790
-79814
-69659
69223
-92213
9109
-25373
60457
-34961
35782
-6460
10030
73967
-32576
80133
49014
45058
-92982
-15268
-46393
-25871
-38083
-52300
95087
52285
-42423
-33805
-86888
-88029
-67246
37171
-12219
51610
15748
78964
-21339
-33725
60110
-33406
-27467
56685
-15858
-95778
-57289
84653
-95617
-72526
-42390
-97817
-26778
73601
-38900
77018
90445
-71756
-28370
7350
8266
41333
-54619
7378
35494
-56318
58733
-22546
-89239
-2654
-63147
-88518
69174
45539
-24863
-18842
-5725
7331
-46208
-94998
-1544
46651
70175
65056
-31229
59461
13334
34122
-30306
-17169
-21591
-5479
-66911
70828
59644
-45719
5249
-19492
-62172
20069
56976
77752
5996
75500
73174
44911
-59320
-72493
-52901
-62439
88231
-76612
-34171
71257
-13826
-52452
34720
77391
4415
-41323
-77097
-69295
14723
18466
5127
57156
-70660
-27879
-7144
89574
-81372
46108
97190
77859
48518
49287
69583
59682
75228
6097
-69838
-67045
-27833
-98271
6532
-32594
-54400
-1345
-54096
-80134
-16657
53646
68988
-82957
-44818
53783
22948
-27183
11084
59222
-49030
19885
41976
-42725
-91302
69439
30817
-64360
7501
-6167
31633
-24348
-9791
95760
-40475
96082
-62496
-49513
10975
38689
-64384
41580
12645
41558
4415
-68976
-8962
-74429
-55764
-59706
2437
-52684
25966
59492
-81499
-51947
-67582
-36110
-36111
-70002
-99776
11530
-39411
-55597
-65775
-34464
-82890
-42618
34589
-72006
-92327
-13463
-87499
-12329
-5488
-87866
-14695
-21810
9086
64595
27879
-56119
-37761
-57133
5938
-24902
-35210
99792
61780
18126
-18870
-19649
99585
38992
68494
-13032
25860
26615
60848
1521
-65331
-11927
-59842
-32137
67342
-75750
-73301
-1092
73783
37855
-29120
82141
7637
-33501
-63629
61597
542
53773
37156
70565
-96191
-67953
14880
-99570
22811
-58043
-40
-43875
54029
64709
-36818
15176
56466
-67166
78747
98254
58077
65520
41588
43874
-89485
-44706
45912
-42516
-26870
46754
-94492
16967
-66481
-69310
-9814
-1530
-31969
-62123
-69506
25720
-59308
-65852
-49507
-60010
-45468
89747
-99861
27465
76275
-72322
-46730
39871
83943
85622
-71381
-95766
-86005
-60180
-54461
-19840
-98342
72101
-11997
-70406
-33537
-63642
-44419
94595
39657
-51436
12395
14568
45609
-83661
6747
99434
62466
16459
-68549
32612
30764
12212
95603
50073
-42463
48032
33469
-34639
90784
-83109
-28633
-20280
-19454
14585
897
-59494
-27828
-42780
70680
43987
-17499
1950
40338
13907
97072
76299
56415
-9627
77000
22410
55546
13159
88332
69811
-76929
22919
82528
-71170
78333
40407
-31956
-18338
-32572
-2750
-13793
-86035
-91906
82967
-99941
87239
66921
-88147
66643
-51378
28982
-1448
-37373
14771
7277
-29448
-66523
-52908
66560
-10163
-81971
45115
90265
-47628
-45832
-98442
-8100
-64377
55459
3189
-75443
12484
19451
-3525
23688
70520
-63239
-24581
-10464
-81151
-54992
52798
53033
97508
76271
-48369
-81592
49050
84896
77570
-39932
71238
91104
-48172
76582
-18525
60749
-39220
64734
-19710
80240
-23787
-6009
-57526
-77266
65317
53616
58150
42841
-13739
37614
-41276
-29934
22758
78593
57331
-40288
-20260
78123
46425
-56278
-42
-24299
-55251
-41344
-14472
48857
-84050
-81317
96350
99349
50613
-25311
-25344
80136
3156
-92029
53168
92939
-25559
82855
74596
-27293
-73252
99184
-10069
-70528
59946
35970
62769
-22300
67269
-57118
-99618
-54031
3881
67306
31501
-93153
78301
36542
-83354
-22924
48052
83981
-19458
-12803
-37275
-67195
-57044
78464
13077
-76985
98118
-85514
-87807
58837
93749
99785
-73120
-53432
-91422
31103
-45544
37558
6242
83473
-50122
-24397
-45274
-86273
4224
-17171
-66226
-79871
-70842
34179
92400
-29615
-8143
61816
-56522
-97383
92829
99206
-85067
-59913
74032
-79823
10991
46122
50168
-86238
-83215
-40317
-12069
6917
-45590
12731
12990
76796
-21344
-74027
47268
-72278
-52450
-44775
-66901
-92035
10518
9310
-94642
-96903
-68225
80867
70277
-57796
-66223
99051
-80477
55260
24092
97708
12002
-34492
21419
-4697
72164
29622
-8514
-1345
80881
3033
72541
91290
5556
77254
53486
11234
-52787
17326
97623
97356
-19568
-23358
65634
56926
89904
97015
59321
8371
45831
-90193
25005
73920
81116
14175
-39009
32631
-98757
24807
63688
-23324
-71779
-73509
99908
-10642
-74631
-41959
13989
12444
-69642
72968
-40367
5592
40146
15036
-29836
66982
81647
41384
-19439
-33420
96160
78671
83602
47374
-82080
-89308
-68539
73644
24559
-98312
-42763
2883
-81918
23163
-6235
25479
-39916
73650
-56833
57340
33725
18102
94333
68881
45782
-95924
-38405
8271
26468
-24355
71784
6804
-72616
-1871
-67865
81366
-40806
-95543
95683
-42772
27579
66282
10076
-80259
-16502
74829
98830
74402
-7935
13949
-38418
37355
-9944
-73325
89300
37820
-45363
31884
-73315
-11667
39761
61886
96731
-70255
-11293
57150
-46833
34651
43591
-88355
56233
61802
-26779
29613
-32787
40796
-7759
-87956
1560
-73920
87524
-46694
-8024
-70864
56060
70036
40146
7864
48549
-45541
82731
43647
56365
59542
-55780
-36759
81091
-39019
13700
14996
75846
49
54864
57135
-82098
-73160
-54942
29990
89761
-97867
59110
85609
67704
47383
48155
42369
-12179
-84647
32795
-9748
-77081
-46010
-38177
-58549
-51404
-16011
-72413
-21702
-80420
6870
8021
-91519
-26383
49010
44070
50002
-449
24496
83447
52040
-5386
29231
24348
37630
66700
57796
-3558
-78932
74422
37468
-67458
-82931
12149
14491
-93472
-86648
77162
81928
52508
20546
-55537
-60659
-79844
-19158
6307
-14424
-1422
-61030
-58082
-63135
-26197
-50809
-17285
-28575
-70298
-4937
-11296
19542
99015
-43068
9319
13453
29853
82566
-92049
51536
9904
51572
-52525
82032
-95942
-38610
60602
-1030
-53988
-62663
-58505
-41352
-62869
-87505
-32409
79690
4943
90464
-36818
51668
-7350
-86727
-80310
-42988
53860
43595
-31271
89701
89187
-92572
36478
-49311
90327
28959
-71413
17794
-73623
1018
66955
-49914
22600
-73299
90210
70738
75933
37083
64230
-92573
97880
27346
19447
28217
82344
1413
88505
78548
22784
32615
-67790
-74759
-59305
10384
-77161
92198
-14773
59010
-96739
35132
17349
73342
-24051
34595
18540
-79157
7862
-26824
37449
48678
-52107
-56385
97412
50820
-38244
-78530
6134
10892
6890
-17871
97386
-80242
30945
29920
23832
96558
91050
-59997
89263
80566
64938
-4816
88048
-33643
-64915
-36097
-14908
-10502
-12815
7551
81461
-93431
-73205
38591
6872
86923
-34772
-42660
-11039
62380
45281
-31853
-90285
-74400
-51077
60376
68609
60308
95458
28218
79230
-44463
33967
-29998
-89590
59816
-88717
78096
-58770
-51421
-18501
25360
63131
-70618
-8918
33944
-65849
99821
9021
-79097
-96388
79039
-12498
-234
50673
-45182
82441
98541
-47583
-87991
-19424
-8788
-67399
-94239
-35738
75943
2968
88524
87035
77690
-31047
-98373
61681
-85965
-93137
44124
-8907
-68594
93710
67991
-82295
-64052
-33458
67083
-90398
-14622
15612
1184
82244
46304
94468
69636
-88703
-46768
-93399
22476
88400
39141
-68340
-16254
-27854
91077
-15965
-100
34304
-28951
-8859
-46065
84295
47596
-6606
-50157
-56864
60059
79652
11373
30122
-63340
17298
47023
-96245
316
-92249
-59669
70908
-32352
78905
-92503
-97770
-71942
-25297
-85004
-56047
-37226
-67922
-99266
-88808
27438
70103
-41368
-628
51633
-61832
73667
-92901
-47599
-2681
39329
-94744
81823
43702
-35013
23999
-46462
-24839
-38222
-29103
91783
60042
-62328
19565
-59739
85343
57884
-57962
31883
20776
3528
60648
50915
-36238
-80914
-69756
-13373
20635
-18555
-86667
-33746
-66842
-70382
-50581
-39713
-47804
-80044
-18452
37638
12470
31176
28278
31580
-9507
-33541
46010
-97369
-37953
-30934
-10440
-74117
91351
-94535
-50670
-67381
7835
98389
-3502
41057
96081
7877
-71490
-72531
84072
-30135
-90934
28321
5395
-49561
21399
21072
75068
48222
-42908
-62052
-26415
73075
45038
-90831
-19650
3480
-32449
17892
90032
-39064
31176
99437
7667
-31673
-26379
-99163
15887
-5149
-78428
86889
-93557
-14095
15404
-24233
43533
2195
49200
-43749
86624
24538
-53339
-70055
-50334
-15050
7822
-54999
24102
-69817
-63178
-24928
-55611
45637
80539
75255
30792
57028
-68446
-84484
-28487
11666
49662
-57397
-95941
-96722
63361
-8868
28517
-30224
50155
62728
-59366
-39509
-84863
63686
-13584
38742
-88244
-74263
-20482
-80331
55961
79061
-64862
2693
-96079
-30671
96062
-22902
-87098
-42274
26565
-13204
-76846
-89359
-1497
22732
-5124
-30530
1661
-92666
-29747
86367
-81635
83165
-47832
72413
94569
-62109
35951
-15786
21602
-99119
74567
-56315
47482
-57283
-27187
-5355
-69854
27574
32389
-88139
96944
-99125
-84753
91159
85257
8323
-18255
59211
-31921
29748
38045
55342
-57097
43257
54611
-96380
-19182
-84478
-27951
59858
-73182
29297
-18927
28115
5682
-71145
-20947
-63331
-45386
-76575
65204
28859
-71883
-6669
-97983
60354
-84139
70253
-20963
-12656
-66135
-23826
-89496
-98344
93303
-61605
52644
22555
4250
81177
95269
-95514
-87658
83487
-83280
-55776
-45061
-25725
-70323
86493
-21191
75357
-59273
34690
20772
1248
-41639
-18655
63975
59196
81537
88817
-54306
28282
90452
-95550
-74448
73082
-34511
49694
-71045
32282
13852
90434
-44261
-22874
61355
97188
32877
13288
-37551
33122
-53617
63856
53773
-71626
-22306
52535
86945
74247
64126
44705
-194
-74119
-1357
-64902
68152
81376
-76790
25225
-90306
50644
74609
-40698
59837
-64392
-88683
-11960
13160
19564
-5965
-1408
-3311
32726
5959
-98656
-49479
-2112
-29269
46778
15667
-98063
-70257
93793
80657
-44413
-21924
-16363
61593
36332
2116
-86256
69260
-5635
57567
61497
-24984
-96008
86508
-68669
-13868
-25551
-60646
-99884
15619
71396
-93731
-65054
67752
71254
-6110
69485
82158
83067
7963
56784
51752
3152
27803
50244
85419
73399
78345
48538
-5225
14781
-3909
-56035
-35160
54459
-6608
-13285
-13900
21703
-97141
-31947
76382
-34261
-68249
-17837
65706
3417
-93990
-32028
74312
69755
71065
33365
-32475
75339
75419
97367
83446
60231
-18095
25828
65857
47846
54098
-28743
-30191
-53120
46627
74404
5822
50778
47921
-67261
-91936
-91567
-43125
-79081
21504
-20781
47877
-80462
71554
35669
2532
-91676
-47831
22180
68655
81810
-77898
-31439
-42174
-25756
-81257
10155
57539
29396
88069
28286
37148
-28131
69429
60748
13594
-70695
-73645
-57520
-18195
64228
-57404
-34799
-69544
-45927
-82609
-64079
-92991
55816
-80044
-27635
23568
60376
11697
-79392
49265
60885
64558
27763
27234
94361
57477
51450
-38880
63194
-41288
58562
97139
15293
23572
-5920
85040
27645
-7772
-14701
-70550
-96794
-11468
89218
-50056
-9846
55602
16696
6103
-84338
32297
-34337
23273
-57213
-48197
-9385
2240
-98582
-59988
69511
-70318
-7283
29962
29074
-95035
30461
-11960
-13484
72082
31512
61768
-79808
-36216
-2817
80405
76773
-31748
-81523
71526
-95001
11890
-62563
1254
-3808
96592
-15794
94496
72470
-98757
-95551
-47681
42982
52540
-97230
94364
9269
30302
60772
-17934
57040
17676
74301
6683
-4849
92290
24032
-64578
25594
70711
15535
30563
57540
16882
-8192
-96959
-74518
39743
67075
-5031
-41088
-52875
94100
-24672
-46899
13519
73638
-8387
36090
-63729
-8758
-55342
-4514
64862
-52908
-24572
24479
-96454
-93908
73556
-42991
90630
13042
-54040
21558
67287
-97218
10952
6544
-91971
62535
-35872
30513
10074
-33895
96954
89128
-12060
-75540
92167
15389
-69750
7120
-7837
-23554
82680
33245
-87804
-28870
25589
91196
-3304
-94555
-20248
-87858
85892
69612
-58584
15863
-12266
-13083
13400
-33953
-90207
-16108
62570
68682
1667
3417
74300
-4984
9635
23728
-88173
1949
98332
-93702
-98762
2076
-61478
-92603
61002
10084
20394
-50961
-28104
28423
7282
96044
75053
-39279
10131
-35203
-22049
26839
-34192
57261
4634
-39957
-16037
-76059
-97826
71260
59687
-92971
-43182
32752
-19978
-38700
34893
-86074
63866
-59122
-74666
65737
-92824
18671
24566
89211
-70381
76684
-74822
-28424
55243
-54798
-69553
-5165
59335
13249
83246
-38134
-93830
90240
-42373
13813
-96730
-3417
-67488
99222
-48173
-28932
38871
-31125
-29275
-35737
-33507
53109
89139
-88876
86251
-63451
-78582
59617
-80914
7862
6299
-74205
-78775
27233
14300
-76295
92091
6269
65280
-16186
-30948
37863
58065
-51824
54727
1142
-56099
5743
90096
-9624
-81027
10596
-67403
-23482
-52283
31455
5593
-53924
21592
5804
46953
42175
31367
47909
-24142
82033
38375
-83830
-99401
36126
-45260
-11919
57493
-43991
-34636
-82422
-33169
-50062
58859
-65546
29252
-42889
18337
59423
6539
-22411
66777
38502
94332
53585
35012
-42095
43599
-15701
-46593
31623
-37835
12802
-94451
13148
56054
-1634
-3973
46038
66358
-88524
-91987
69656
79381
97264
1887
-75543
60475
-24337
20323
13348
70444
23092
-45900
39992
83932
-61253
94919
-78425
-22025
-23037
-52558
-32682
-49863
44960
37918
53984
-5872
-13193
59329
-13208
-75943
63762
91782
19314
23779
-17857
-71581
-92923
18813
-6120
-8246
-69166
50371
-52736
-49986
-29695
38167
-59632
6418
3265
-11812
-98857
-25847
-81314
58087
-10595
49335
66152
17248
92350
-24594
47853
-49419
72680
-25486
13664
-72760
-78978
43832
-52190
-36309
36788
31941
99549
24177
-17278
80646
-13431
-44989
90690
34535
65077
-19997
26210
89183
41504
24769
-45644
51822
-98089
-23035
-85466
-67442
85726
89472
-3210
36143
40698
-67791
-15036
-59534
57670
19530
-33480
51203
82805
61531
44694
93049
56974
69667
-163
-53509
-14475
24763
53323
65684
73121
-97873
-96632
-42763
-68059
-81940
-29480
16684
65079
-15067
-88666
-98525
34666
-12642
26175
47593
-21609
8918
-74776
-61459
-27096
-61305
-92040
-35128
41120
-23643
-2070
-40531
52895
-36582
87773
-74720
4076
-34280
-24947
1545
58776
-73282
2787
-242
-56357
99441
-10325
94028
18606
4305
72518
55447
40674
-46440
-76145
-26743
-26990
87629
-3630
-57841
-65674
-4236
68667
55771
-46288
70001
64116
75801
2175
-82375
99704
-35061
-5189
-76369
-2178
-7812
-10312
35024
-18751
37751
-534
43624
-85189
2413
-67203
-25554
50126
19402
-57563
98799
42602
-94615
98103
-64118
-33322
65166
67662
22738
-3630
-10255
-92901
-35168
-61345
3205
13801
88395
11850
-73557
4985
99677
17950
-32192
96454
-33785
28200
-37202
40759
-48701
-67293
-47257
-73759
-61581
28362
-23032
-10913
-31201
75279
25868
-90761
81369
19726
60383
24811
-27514
-73909
-40710
59173
74035
62017
54526
-22805
598
64999
-17124
-80291
-46762
56402
87802
5731
69206
-91403
-39391
82063
16763
83198
5363
-19886
70411
25871
-91743
71566
-76238
-40847
-75684
51043
-20284
92303
-65358
10842
-79786
91757
51331
-14756
-67248
36978
30696
-71806
13762
-60505
37305
52024
72868
-48674
19267
-8431
-48239
95626
16223
-41196
11385
-68861
-29923
-13801
51636
-45637
-98352
-71060
28040
-51676
11457
18021
73343
90842
42142
-20094
76428
83245
-95370
-28846
25055
-55083
-82045
69040
49994
-81133
-84755
-54939
-61520
18037
-69988
54258
27125
-12717
36476
-39765
-33476
62873
71254
-84350
72779
-15304
34929
-40006
-99540
40367
-38887
5357
-88376
47971
-561
-53785
53468
36414
55012
-76625
-52903
55835
-47604
66960
46813
-38082
-94094
-22754
39183
3952
89448
81834
7398
88341
42842
44747
77067
-15457
6076
-7035
9738
-20129
-45611
-81167
-8184
68548
-97406
-92120
-70606
-14557
63983
68913
64429
-67234
-77538
78878
31559
74491
-22744
48426
-4815
-49002
31587
91261
4080
-32134
-23267
-70347
70175
25116
-26149
-9783
-10466
18908
-58238
15526
56550
93153
-43443
-87164
-13333
73319
12913
-54295
68836
74196
3554
-8630
56201
73549
-22307
-66022
-93449
63034
-90291
-62046
-15443
-88091
-69737
-97178
35127
831
-76190
-35131
-23740
-2140
-54218
6283
-11770
83270
-61902
-70341
56990
-63886
-67246
-1899
18762
-13245
66385
-88054
69496
81600
70357
69881
43450
98011
17689
79758
58633
-62465
-70064
-26804
32654
37993
-81478
39012
-64094
-22278
32862
56365
92881
22333
11585
-93999
69904
-45879
75635
-50138
18441
-54782
-10747
6233
-5746
61605
51033
-67420
-51706
96067
13154
-455
82389
14140
39555
94854
42695
-58239
-43716
70342
66602
319
98752
-84530
16758
-82179
-55973
-66408
-64209
89054
67512
-20785
82463
18629
-49058
77550
-62721
22650
-12362
9244
-22609
-90638
-45910
16744
-17933
-93636
63341
29332
-64744
-73215
-84211
-36390
-90232
95721
24473
30427
55373
-14272
45006
33128
-1248
-14073
-9799
-15376
34014
39025
17298
45835
28834
-27137
-72088
74313
76025
3315
44751
62836
44850
-36517
11766
98478
90099
-70784
90523
-34696
-32701
-18986
547
9547
32283
80798
-20119
-28050
-80235
-4247
-87037
-94200
23221
-84151
74938
-53938
80478
39561
-25925
-12939
74110
12599
17902
64215
57427
73491
94774
-4806
41498
-35713
86820
-2383
-77890
80687
72523
92199
56408
-40398
50121
-51251
-91904
38427
58310
-12602
7938
34235
-9228
88871
-49276
-35842
-46125
91613
61611
-94284
-58454
-12202
54582
53800
-70475
-55079
98709
73882
9860
-11084
24925
-10289
-96165
3845
77154
-83263
14615
-525
-66721
-44174
-12315
49315
-684
-93656
82350
55531
-13617
-51845
-92831
83396
-13894
-34948
82604
7875
73177
-91874
51691
-8360
32769
30164
-64469
47605
90506
39483
79696
-53270
24238
-7905
-45618
15952
-68393
45825
-86508
-9830
-38180
-23481
-98302
11254
28150
-13590
-43934
-57952
-33002
9553
92862
87867
9546
22078
-69455
80638
29584
99069
90810
-86605
-90726
6944
7850
-58476
70641
-44550
58937
34534
-98414
-61521
22554
-76752
70898
62412
73700
-91059
71957
74557
-85626
94440
-32605
-42009
-7280
-86013
84251
-2786
45237
68068
-61874
-81317
93285
60202
60433
-26664
-64952
94738
-74232
-14963
67568
49530
28541
11838
-84305
5785
60427
-73969
-28450
-72781
39101
-57465
6738
-31917
6695
-48742
-82995
-5689
-78709
35592
45328
66386
-85336
-73183
-40668
-11133
28678
-25369
-81829
51577
-23336
26378
37970
61911
-66887
23918
63079
-6114
77911
4368
92599
-70064
98857
-33111
88294
-47339
53363
32051
-52624
-43197
51887
43101
64318
53790
-69339
48106
-45618
64103
-14116
-69104
88344
2197
75881
54862
601
52198
42917
82935
65868
18504
90875
47128
75612
95979
81161
-77673
80892
9501
-10638
34116
3800
-24036
-76714
-57812
9534
95712
11357
-80485
5764
53021
37176
3891
27078
-51709
-27649
11094
6707
53408
-59900
-98598
29668
24792
-73251
53841
18172
83275
-31851
75604
63700
-65596
-42196
-99523
17312
23925
-17150
45129
256
82403
-91678
7682
-41650
93207
30566
89326
71495
98152
-83098
80383
32623
35126
53911
-71248
-16850
-57107
48869
-59766
-32897
65069
87178
-9880
-77679
58799
-68933
-94002
53863
-12757
89738
-68983
-97675
-54137
45288
99009
44513
-68143
-37586
59933
15177
-13190
-54253
-70141
-65724
-63887
69149
28193
10833
39649
2213
-89534
22210
52569
27514
46996
-72618
33732
-85128
38932
-9386
-11192
-55530
67680
-77686
73029
-39934
-61213
83879
5081
50443
79745
-28438
-68999
-40220
34635
81203
29280
-91997
-13167
61449
27348
92481
-50573
97884
51029
26207
72617
45822
-89592
72037
2165
14519
-12745
-68697
-34010
-22818
48173
68611
-11357
32084
-60641
46001
-10014
-64221
-4796
42269
-30950
-60244
36546
88246
-67099
72338
30564
76360
-95952
-58270
-53648
23026
51972
-4481
90754
-61895
992
-458
-50878
-55146
48001
12970
57296
-40521
-81244
33504
96001
71220
8259
75628
-72850
-19384
47750
-42134
39067
-44898
20445
-10522
-9331
-97367
-17640
83524
80279
-65995
52324
-20610
-68807
93133
-59456
67522
21151
-98059
-60133
-84929
-21469
-23030
-7540
32991
21030
-91757
26861
32071
-45490
32134
-27475
37462
3603
-45750
16055
-45682
41444
-27050
31873
-10160
-70942
-94058
-80626
13132
-35563
86049
-79928
34352
24663
45056
22206
15645
-1729
-66151
-90581
56584
-58509
89103
67491
50610
10468
73639
15403
28918
-37370
-70578
-70471
-88673
14909
60129
32375
23774
-36060
-79039
21264
55221
22901
95199
82623
40990
45156
-26881
7403
-46546
33097
-67250
-17191
69689
74394
-90370
-51245
13551
54890
-91664
23231
-33606
30328
67012
55881
40424
-61316
5325
21004
-22666
-99629
23172
59395
46941
-4388
8954
-39353
9407
69861
-35052
42735
79476
-89736
-820
87056
-55124
33280
-26293
30590
-27026
67795
95291
79030
-76537
-21710
27858
-59193
-70792
-73545
-82495
-44199
-97333
58064
54740
-14111
22315
85829
62573
20069
-13237
-86713
79452
14225
-6217
49386
80202
-51220
-25062
86701
-52537
-47465
-7922
98184
65529
20068
93071
36375
-48127
60961
-79539
-93719
82557
8501
-96380
-10056
-69215
-20410
-72452
-62493
-84479
-1906
29438
-73066
8331
16953
-63132
-15763
39768
-62292
-27017
-84825
-3750
-64804
-60446
4856
-8309
-59846
35234
9093
-4015
-20906
21898
24446
-50705
71159
59022
84271
-84437
8885
-38237
-14229
49959
-99281
44215
64471
-33126
55787
67389
-9602
-6760
96992
-54310
-66569
7980
16665
-90416
17432
-32583
-58864
-62904
32290
-54833
23504
66211
11709
12056
24562
40837
-33066
72643
56452
40346
-96318
-25573
-59889
85618
1124
71652
-68999
-2101
-12423
-87269
98697
63388
21170
-28356
-47254
-1092
71654
70866
-47636
13968
42345
92590
-33377
74003
27834
-27206
90786
-36383
67928
-53521
-70461
60781
-2567
-44461
76978
77493
23528
50137
93814
79162
-68288
96745
-28433
79688
88567
-65378
57692
30307
-96358
-50219
39545
-93994
6290
43812
-57720
-95463
-4171
-12724
3098
67941
97371
-43413
97609
2851
96924
81177
-98894
76926
15483
-94558
24351
84767
-13115
6124
-93863
7959
-73917
-51367
71833
-82669
74726
14723
32985
-60379
-67314
-51753
79470
-95183
-76724
-5900
44439
-80310
-10218
-36646
-8898
-27973
51753
42811
-17019
39055
-51708
69695
-55547
-70322
-82068
-2576
-90284
-52890
-39138
55708
21549
66479
71793
-68509
-32180
69018
-18729
-67644
96309
-3465
-28572
-63544
89873
50812
90559
-57874
-29065
38946
94738
2704
28794
-69520
-91132
75293
32071
99293
58848
-61507
69073
-70792
5115
79579
19612
67725
17294
96964
-24157
64219
-93220
37309
-42604
-37796
53728
-48477
55625
27859
-69201
21730
-17228
-73647
81677
34642
-61578
65269
66141
-75832
-46161
-16115
-33841
-21669
-65252
20745
2220
4179
-4251
4567
56892
95402
54420
-59966
5516
3238
-56819
-39305
-15722
-15945
-35798
-44615
-15680
-98374
77142
-67714
83251
-93226
91786
27612
-90921
-55857
-92593
-66466
77709
81145
47619
-90894
-55461
-59584
-83771
73619
-12456
-64843
35969
48579
49676
-95190
96400
79370
-90001
-37118
80452
91184
-98490
89238
-1179
19167
69694
88258
9533
39044
-10295
37932
-19795
-70939
-60619
-9150
-80263
50173
10340
48873
98037
43349
34234
-63442
-61187
73636
-55285
42873
-15768
65574
-53392
60834
-9259
12520
49922
48078
35054
-92778
-75115
19697
-14383
56344
-88836
-25838
21651
10168
-69052
-99457
-21937
32344
38296
1197
87969
58653
-30732
-92054
-62237
-33639
-90511
76095
-98121
-9131
-90270
-38680
-88263
-17989
-70372
-52512
22658
61320
-11541
-68056
-14170
49073
-82331
-90754
-54940
46213
45537
-14611
86482
-50385
92907
85007
15259
91268
16939
-88219
90137
-97536
-86876
1651
-34936
-53718
74084
-1517
-49534
87943
5544
12536
43128
48625
-58100
68553
-51379
-23340
-52023
-82832
17749
38030
29596
-85898
-26053
-42004
-64592
-99480
-22129
-37352
-87282
23720
42135
-98026
-43870
-89267
44215
-11784
-71099
34857
-59633
8531
92113
-1985
-6800
-38721
-83530
-76500
34646
-41658
72935
3801
51378
20823
-73659
96688
-299
26331
-46532
-73318
-94344
-30318
89833
-11032
50267
69646
56242
-7254
-4903
-98711
-38076
95825
-76361
-57531
-45816
50004
-74336
-96062
-8005
-13709
21234
-81942
55170
-86792
84664
90910
-53170
58298
48129
18074
86539
72293
66335
88846
-40663
-15760
55385
59643
1248
81242
12903
-76215
66657
38057
-563
961
13477
-54463
4837
49661
-73090
-92510
86844
-5995
492
99936
-38166
-14066
-98611
-4936
16619
-61323
93388
10484
-66195
-28839
-7020
67793
56428
77090
26659
-69324
-79002
-43210
70832
31431
1654
51694
-43122
37872
-476
33299
-99315
32297
2887
42628
7766
38756
-16685
88497
63496
-53265
329
15105
8467
-85212
931
17534
50266
22620
-46917
-30619
-11785
-38524
91667
-86181
68090
65726
54446
45315
-14388
334
-33456
79232
29550
82752
84148
68277
-22199
-34972
-22278
-77926
9569
18034
-73930
29669
-81126
-81517
53219
-302
-3034
4255
71383
-32925
-46367
-96311
-52537
71085
85258
-9782
40385
16959
-97605
-40112
57308
55306
14887
-73334
-54345
41278
69019
-13376
4044
93955
-77844
-18082
-16901
-56995
94957
63541
-2797
68493
76404
28135
-46844
83555
9464
29613
-94332
36875
60818
-66808
-98185
-83571
95486
-79348
62616
-58014
1239
64534
-54656
-30035
34900
-2691
12073
29378
-66483
47482
-53886
-76884
-88649
-22511
-80768
-46027
48289
538
-31758
37130
66902
51253
-16542
48645
61349
13610
-81931
14156
39520
-21837
13937
-51635
-92490
-49902
93872
-13666
-25782
-66560
-5427
64657
-45128
-30425
33914
-88884
36625
-6007
92035
-37468
13234
-27557
17347
33300
25062
-43393
-28593
67177
45776
-9232
-36432
47120
59659
-99563
-20354
-27774
-75364
-85583
37674
62302
59332
-5306
34426
-33426
-69754
-50168
-67015
-82182
-97635
88104
37
-35254
85312
-14204
50734
-56935
-80693
67646
71858
-25051
-26555
34606
17660
-4674
-59682
96371
-9770
27057
4740
26943
72706
-76901
4859
-39061
63853
-69862
-42214
-95297
-18256
-11631
-62476
13170
51929
27363
7542
-64048
-97747
-56694
-58151
-29231
12510
97215
-78974
-28089
-28315
-75655
31061
88301
55904
-65148
83764
-97592
-93068
94553
17834
92876
3818
-72191
-96173
-76410
9937
45338
27617
-8220
-24628
3213
-37053
45048
2099
66719
-22778
-69402
-38586
5343
-98277
-90909
-36183
-32902
33620
50476
-5435
-67468
-1706
-31636
64263
-72796
94717
-78212
29720
40805
-70406
93996
95467
-63951
52844
-15666
72151
90528
-83002
-90563
26838
80784
36799
86107
94969
33205
-37746
83968
-56221
-5955
-1905
-66033
75481
98822
-12656
-79601
-28852
-45184
-46012
99072
22546
-30175
-47898
-39374
-87783
7676
21076
64858
52917
28914
96812
99838
-7509
11237
57683
-6724
79690
58326
45765
67218
59837
26862
-19049
-32240
47106
65268
-34573
25965
83304
95206
-83045
53321
1239
-92356
63661
89498
76381
-7930
25368
45926
44802
43026
35223
9929
94339
-34760
-49897
92768
51655
99083
97440
52282
42682
-32362
-38042
29488
-19394
-75460
-1498
58530
56879
87456
-92789
17322
10867
41069
84382
18443
39244
-65872
7159
-14565
-46462
-17839
51436
39353
8514
74990
77302
-7832
54771
26273
-65507
-36041
88839
85386
-96377
-19351
-7081
39331
-2630
-95762
-47098
81092
37960
-59655
-97842
65012
35729
46549
92302
-54664
40696
-62578
-46444
-91945
-40620
-91666
56185
-34558
29813
-55409
82277
28606
-47569
-88882
94935
-63162
99991
-72424
80071
44506
-90102
10902
62038
-62330
-15947
-41631
-85038
67181
2364
-60256
90327
-34006
-80396
-65985
79721
68973
8596
-24093
87700
33257
3336
-38761
-23331
-89418
-75765
-94869
16438
25521
-81876
63486
88038
99647
77655
-6887
-49353
-3094
-37167
87685
-13980
-96909
-51882
-40612
-40153
-25311
-61962
-73160
46881
-28200
24493
-60230
49157
16296
89848
63609
64485
-16474
-18035
74999
-57967
-18470
61792
41007
-78088
-53987
96201
21598
-50573
-21875
-91838
-55274
83142
-90310
-96156
85828
-86855
-5131
-70695
37566
2414
80161
65192
4055
95381
-3215
98140
28201
-4926
-48662
19124
15812
30461
35251
-4025
-86293
795
97697
-81587
28875
76733
43908
-39175
-46189
-81599
-87416
-10744
29041
7236
-41937
-70197
-50622
-74638
-73053
9917
-98646
-88416
66874
-65026
-5645
-71232
-61692
60387
39084
-94691
-78924
-67213
83791
-1826
-57730
99249
-43018
92456
-70040
30219
-12039
2478
24691
51608
-5295
-80337
-32787
-54759
35504
-8673
13495
65590
-24470
-79968
-6884
-53112
20983
32652
-32494
79019
1284
20896
87289
1607
-33468
68180
16465
-44025
-64330
-95037
58225
-64156
848
-90262
2498
16558
46007
38912
11168
-67319
-83850
-68428
18434
-47628
-89296
1934
82443
30975
-4791
5766
73587
79650
46048
-93617
-43571
5716
65915
-80495
6644
-42761
90106
-52454
-98484
-78862
-15234
-99343
46998
96651
6269
-49486
18069
97829
-71613
77284
-37166
-23360
15568
29187
-50143
-78819
82524
19329
-8936
19419
-49169
-46057
64382
69778
8754
27776
-98717
-33239
21008
-49771
15202
32348
-11515
64580
-42303
-26997
98780
-37698
-77237
39625
-15929
-32640
-41332
21078
13367
94499
-87354
-86176
98692
-3050
-61946
82823
-50524
89018
-32273
-62396
85674
-2718
-57223
39260
-27730
3485
-47297
-77892
28564
30053
-35903
-92791
69832
65283
90323
-6122
-24056
72716
-29381
-78331
-80032
-84119
-89852
-56311
53638
67995
83123
81758
-16842
-9795
-44316
-34402
-79697
42874
16920
73271
-49365
55508
19679
4191
-35216
71425
73886
-7491
-74896
74098
-89705
5634
66698
-59572
8035
56405
-56520
-19054
-41461
80228
72556
-73667
31747
-57313
-51474
-41350
-21260
21468
-83901
-67158
-93179
-36961
-18184
23759
-70072
72181
-83774
58895
72371
73387
-10238
63783
84198
-3634
-57807
43394
12097
37218
21522
57145
-59777
-40424
-58156
-64815
-37013
-29392
89893
12075
-55000
-50998
50154
-72091
-24020
-77632
44545
-42954
-61427
-4752
-3364
28845
6426
-37756
34076
45654
-11853
66104
87176
-1560
-57817
-65716
77123
-12933
57174
9764
60661
-64107
-5775
58263
-63166
-9854
-9820
-37671
-36519
-17067
93288
-61778
46363
-76228
25457
89978
-86511
6681
54661
-11736
53407
84579
1546
14519
23632
84996
-32718
-42817
47285
-4766
5724
98065
68559
10504
-95753
-87597
-97037
-98096
99036
-71133
16243
-74252
10526
92584
-28761
24620
-71164
-55573
-4303
55702
-73501
65424
1627
-38864
-69781
52891
44208
-72224
96158
-45629
-15894
32283
69591
17926
-53684
-92391
91600
-35756
-71013
98698
8764
1805
30694
40193
76421
-10627
-78042
-38881
20865
55353
95263
92709
63593
-13030
-68866
-41859
30544
-31430
46330
50662
53303
95833
-34080
53593
-1459
84123
-37507
22952
-7644
-85640
62394
14585
-64513
8567
-67537
51008
36288
69391
71392
1385
-79650
-34883
-20214
97238
-17892
14514
-98780
-28287
-14242
32186
21117
-65555
72889
67117
17991
54778
23710
-86490
-94383
16618
20916
61405
84906
2858
-43817
43006
-23947
53294
22179
-41458
83983
-38002
-79114
-21638
25374
-20871
-88197
-9722
-30339
-56809
-65125
-74590
87625
44764
15322
47704
86341
-71214
88330
73799
12514
-61697
79634
93245
-52477
-19722
-40748
51134
20318
-65817
56110
-65332
17834
40527
28307
-78847
-57995
39549
-83614
-7811
57022
12134
-52064
-3837
-19962
-85323
-62321
-57249
29505
-36889
45000
71114
27588
93705
-97571
29591
-76549
23372
46207
-46769
67854
-57445
2710
-50811
-89050
90802
66654
-83953
38956
-39033
99719
-73250
-36606
-75610
90722
-61103
87326
15135
73385
-83019
66808
29581
52713
87704
-43501
81293
-93195
-15950
24219
-52739
-29447
-90460
-74021
-89631
-74338
-82691
-97949
31984
41241
-17988
55165
-70509
-40693
-67933
61363
-72917
-2141
2723
38817
-25495
88735
89969
-51070
-35730
-49616
-75975
20499
76232
-99483
57193
-76980
-60529
7401
-4326
3015
-79770
-10758
-77461
-26355
38800
30378
45690
-70190
23994
27449
83437
-8511
-13947
3970
72188
-34998
97701
-11570
18497
-8881
82600
-74817
37638
-66261
-52713
-37086
-91448
-1085
71797
22638
64346
-4044
2328
-70263
-49593
43914
29343
95460
64616
-43355
29711
53151
89521
-18098
-31142
-53553
36247
-84747
32273
-42498
-75230
43970
-52217
8435
-9551
28101
51413
-45047
-55372
48878
-38124
79070
-72726
-57209
80701
56315
-81424
-83077
-90677
-83626
-6264
-75756
-29017
-10508
-36219
85027
72444
-28164
27789
86357
47451
61552
-92326
-43200
-28568
4230
-50478
56216
61363
-79185
47389
61754
-79974
25271
-92841
-58334
-78049
-76795
76186
-51
-81142
-56334
75342
-96275
-12276
-89562
59192
64417
82590
46215
-81695
-95090
35171
80135
-59773
73929
-22832
24961
56697
73076
7938
-96397
14605
-74524
45872
-23018
77302
99233
-3316
74954
-4559
47120
-50605
-47376
29882
74446
65454
83550
-58101
40705
-42389
62158
90971
97234
-16101
12833
71740
-94627
70836
99592
-60075
48361
-36777
-63633
32277
-18224
-86448
39127
-98811
-4261
-18803
79856
-81558
97119
-8130
-14964
8532
-31779
-19712
-75256
11979
-87086
94052
-3850
72177
-38944
-40454
50850
-23140
47089
-62202
28189
38636
-29638
-27838
-15608
-82329
-73034
10759
41584
-89369
52039
-9716
-20641
54695
-95710
-50471
41196
-62768
64378
-98834
5204
-10141
7696
98215
-18724
48659
22885
-16267
-94459
88807
33051
29956
55605
12994
19777
-46071
34797
4181
52663
-61754
-95349
59075
14552
96471
27455
72719
69436
-37819
10194
-40006
-14499
95508
-31447
-14439
59571
-64358
28927
9162
-7728
-68313
-34684
-78322
61632
99090
-97245
-3559
42010
-68541
86444
-17265
73507
55663
85444
60913
-94185
-8248
56768
27161
-81982
-41765
-68181
34465
-98876
88952
74474
-65622
92654
-1135
33889
-25400
1385
38308
58283
-93397
86086
97251
-22373
26868
38856
-1365
-28521
-94015
-6949
-65186
-46546
51436
66641
-36174
-95735
50112
-85472
-61216
95613
-70404
-36431
-20565
-91774
-239
-61348
18178
-8676
-98882
17757
-68808
-42426
-38024
-15468
70874
-89725
-87454
-63790
-38097
-68766
-40582
-4022
-15064
35983
-84028
65707
-26783
-88860
12940
-88246
-53895
-40111
23069
-47752
44967
15815
-7742
47055
31526
-28635
-65293
-97896
28846
28408
38725
-88966
-18668
34860
9548
54712
11628
68118
4879
-69323
-94802
-12601
82642
-88372
-37121
-96219
-57196
52442
80396
78103
-93944
29163
-81721
18032
-12577
38759
-4566
-49759
10873
72301
4063
-23140
44202
54461
77340
-97473
-92333
-12722
22108
-90237
15630
-49919
-44428
69478
-31353
-94574
-29295
81473
91634
2694
72786
-7831
97317
-9651
40937
-88561
53905
89448
-71286
-2364
-12263
77524
-39185
-90433
30390
-44784
8716
87191
71887
-38689
2540
-78384
-24996
34328
68991
-92490
-59249
-2771
96297
32388
39469
-58549
32915
69162
97134
-26832
25649
-87076
93561
18218
-37748
7073
99849
46761
-97760
-36505
41908
-86525
5124
934
-41312
-37959
54307
-92228
94677
37052
23513
-28087
96622
70776
-46951
7053
-41932
56211
57233
-44278
-80848
39837
-88137
-48188
21393
-28939
-43019
-54368
-59895
98238
-22242
13766
-97389
-97354
-79134
23035
36070
-96237
-10633
-58384
28409
-80355
-91605
90907
-65364
91027
-63270
-61998
32752
-61388
-99897
-63915
56698
-46659
-19529
61427
37585
69713
-60593
23169
31605
-36499
-67246
93668
24660
-29085
86229
-46323
-25328
35257
-43082
-16407
18865
59848
35168
20529
57029
96651
20841
-21978
-2867
46290
-80002
18688
55657
12030
-60769
-75953
-9100
-10672
-33262
73995
-4413
38469
32446
-91221
-98561
-67746
-41834
77328
38826
-84646
-52191
-10754
38414
29034
1323
16743
51121
-51968
-32978
-93321
-71151
85244
2673
-14651
-46616
8503
40328
-75465
-32002
34230
-99195
86451
-19844
21719
96509
-91242
-89419
39798
-34311
-71032
-15882
-38438
-76293
-46635
-29095
-26266
41598
45088
85181
-80684
-41468
-14417
-38313
74032
24321
34875
20233
22051
23813
85291
12470
38387
-26933
-53416
88884
-36142
-47623
-77005
82192
-90681
50155
-70862
43235
26695
77812
-10082
-51085
-99704
-12105
-96776
58795
-28201
-35103
-22610
-7055
-91391
27495
95778
-88452
9848
-43677
87531
-76780
19021
77172
38762
19382
21360
57733
-11574
-4084
-20778
-53452
-20120
10393
-11769
-31433
88339
-69058
-34574
-84966
78703
-71331
79649
-48180
14662
75431
53865
79883
-93897
-26055
34137
-1540
3905
-35183
57118
70079
80864
11472
-96558
-59717
57848
-31714
70241
51838
70501
19879
27364
-76552
-29957
1278
-10914
60398
-41422
-19488
25949
31727
-54589
67339
-78206
71894
90174
-78788
44017
-93401
-72681
25254
44442
54425
15184
-98167
41117
-19233
16959
-82341
53741
70848
90407
-61118
-80001
-8059
-57884
-2863
-76355
23782
-54903
12553
-13794
-79345
-95853
-64720
-21294
9763
-27518
1826
24204
14168
-45476
78496
62326
-55869
75645
33154
57307
1680
-99552
-69274
-23524
71483
-60219
68122
-86300
-68112
-13496
-2916
-33795
-33933
27270
4021
-26753
31653
1891
-33713
-72941
31513
23981
1457
82969
43917
58179
-53717
-38418
-22833
78552
4197
7012
-27759
86743
91895
83840
61361
62500
-40083
-75443
4313
-79179
85616
-583
34684
-40801
2772
-43934
15865
57768
23300
21699
-31858
99942
-68845
-5381
92264
-93735
-51988
76585
-52747
-29585
-15292
93640
5616
-39280
18854
81308
11838
99571
-1539
30752
22065
59014
83602
-10447
-82947
75821
49217
-84030
-10063
566
-15418
52744
78207
39339
-23083
-7291
-35145
-28633
51983
-73389
16043
-41905
-33168
26401
-62718
-10207
-47125
10760
54061
56011
-41328
99822
34554
-8398
65058
43102
63684
-26594
-98200
-2113
94347
73908
-41377
-83166
-11211
11250
-13889
47955
66647
-14989
60694
69611
-94791
-5323
-21374
14819
-90744
-5313
-51707
-5344
73615
16926
9773
52989
89878
60729
-58725
-76314
-57729
39319
53309
-27887
-92593
-97800
98387
-49945
-68993
70174
71553
-52088
78713
31331
84085
62029
-26993
-14819
32937
78583
83141
-30173
10887
-3068
96030
93259
-56693
35895
-79190
74693
-73183
45022
-24523
-56753
75504
-60853
17083
34732
64840
12594
37681
40507
-84632
-56021
-81861
-3862
-25044
-47929
-89111
63203
-69560
-49063
2341
68400
-71792
-84618
17624
60849
62108
87740
-77810
-45994
-63968
65023
-34125
37498
20138
-26711
-68239
38978
56742
19211
-65805
65856
-32421
-94917
-3368
91863
-1291
-96724
-38647
34692
-65060
89818
-99703
55185
51896
52750
-30921
-87113
24860
-35430
-23150
2180
-16098
-29301
-25379
78657
-84871
-95186
-76136
10480
-73651
-96328
-90513
-76233
82240
-11002
-11603
-80489
-10026
-75356
-61100
-71343
61673
55461
27036
-67035
36405
58991
65613
36648
98411
-89678
34167
30075
-42684
24314
-20058
9110
14627
26496
76689
-75192
7401
-60730
10741
-658
15357
36822
-59974
52837
-2016
70300
71870
-61926
8746
99567
12846
-96261
-95399
-44217
-66752
-91703
94234
20262
-47769
-24486
-23284
-17528
-9342
-93215
84009
69460
81149
-56326
-19663
60027
32571
-64125
43679
75781
826
57717
3430
-9452
27200
-69795
37904
89498
-25549
-50801
-50475
-73886
89843
-66111
80690
96604
88399
-97414
51334
-24873
-45398
43465
-53790
79398
8952
16988
-97746
-11795
83142
-4889
-63926
84962
22638
-58455
-41648
-51932
-13157
-65385
45509
78612
-37064
13478
57189
75174
-28175
-35886
20863
-91484
-28190
-40255
-96794
-19125
-21462
-61886
87687
-20162
39396
-27268
7279
88127
-60584
-70932
36337
62576
73722
-49284
69724
84891
87672
-23529
45458
85755
75261
44418
69867
19537
-85479
4806
58948
30288
-21277
-7359
12426
-74287
96816
-6152
-6265
-2600
-25046
-55225
-72801
8606
-29728
-72157
-69157
-67268
-24954
-63515
53197
-99724
67005
-15515
11178
26357
51800
-39754
15709
36852
37333
-2570
7297
89759
-54824
-89857
54397
889
-88321
-29099
49965
-59370
92096
-19895
-97980
-54440
-98188
46407
56608
-28273
5486
39114
70280
91316
89514
84833
-30314
-98240
-62616
-62687
-43799
-99986
-6328
-93299
-69223
-5760
-87640
-74972
65549
-63893
17976
28472
-28576
-58227
16010
-41728
40284
-8846
-57499
-65647
22813
-18398
34026
10525
73833
2599
19838
-99736
-92278
48365
33001
5183
76526
-15855
-20812
30827
-30687
-65160
31610
-83847
31414
-92839
10383
-24491
93388
7237
97312
-58463
-63710
78213
12905
-99242
42890
-74137
-38945
-23687
53323
37569
60496
16855
-67660
8061
-51105
-99444
93610
-18103
18460
-7075
-44251
83702
-98098
-36383
90995
-6120
-86524
91868
67068
42167
-88569
93939
-18647
69356
-72799
-19763
68649
50843
-38527
58030
-63609
20928
75408
-84117
-57942
73383
32751
-31311
63523
-95199
82655
-60750
27486
-15455
-48909
-9581
-2488
-33154
-93722
2596
46318
-16044
18623
6158
-21105
-41101
-81236
6748
96358
-69146
3838
-61946
53681
-70473
65382
-14876
85893
82630
-70964
32663
50718
54262
-67783
4117
-44618
-60937
47122
46824
89568
81659
35118
20142
-72665
-52177
-99174
-75558
-86273
23432
-18712
61871
54677
-78501
-19810
-81782
32277
-89604
-82948
78170
83109
53503
-90263
45440
-37450
-26938
-1151
-683
-44336
-21818
-52508
-28248
-30300
60960
7367
43361
53850
-61969
8578
-15625
-43489
38686
-2373
-99349
-11645
-3501
-55569
-19788
15982
-12552
-49127
-73342
54675
32960
-87849
-33363
-77159
-27936
19295
-72871
-15951
-239
-99876
77553
-48084
446
81346
37817
-53127
37891
-15368
4467
58555
-55492
-24309
14627
9673
-7692
-7918
63132
16041
1020
-37093
-39107
-43980
-85445
-43651
23686
-27190
59956
18397
-47351
-60456
-96957
97265
16214
53437
23181
91045
91153
71240
-57749
65460
-3464
-82023
95019
40182
55434
-62068
-19084
-76920
-14388
94189
26280
69841
-55128
-13888
15155
15928
-15286
-88396
-78552
63425
60472
7994
-44695
1580
-14327
-13098
59025
-24360
68195
-45314
71982
41188
67937
-30645
26429
77176
71543
39390
-64763
20462
48026
-93524
1824
10808
62328
82980
-95548
-34863
20292
87861
-35127
69061
-42588
23811
-71174
15972
-27727
56987
52050
-90570
-13372
-41763
-79792
52127
-12846
-32984
-44906
-45242
-27082
24924
-98119
-87604
-56875
-82060
66075
94966
70942
1088
-56358
48870
-35549
-58543
-13225
69345
-82401
-83492
72514
11642
-67932
7248
39540
19031
-49113
23283
42482
9599
95210
-91767
-71221
-65633
-18249
-73100
-95084
-32861
-36392
-50783
20247
-42059
-73177
86901
23919
52990
-30268
-23985
-21388
26172
-57332
45569
11926
-16699
93693
-5538
-66435
-43130
-99672
25041
82529
10381
-4647
10107
74300
38901
71257
-89945
20598
-17976
66184
-63619
-63740
3568
51014
87219
-43124
-42434
73086
81304
86161
-75530
14924
39667
-3111
-3186
13084
11651
76397
-4177
-85422
88195
-98695
-18164
-67850
-81391
97011
-55869
-82107
50927
86691
56266
-86107
48864
-42091
-8177
-81780
59947
49880
-76301
80090
66460
13499
-70143
73293
18284
-89158
-72977
26691
65211
-2054
15852
42472
36912
-76073
-83064
5430
44035
-27815
-17309
39443
-33605
-55874
40116
40673
-70324
20180
-3275
11799
-14366
-32958
-28005
63624
44960
-84321
-83467
-35720
50454
-71656
-38992
-68672
-54414
-91163
6449
-129
-82156
79045
-95577
-83064
-73957
63968
42298
-63258
92172
-686
11295
45535
-65372
69038
34343
-16729
47936
11276
-28678
7015
29799
93126
63334
-6782
69874
-74016
38905
-70110
-44066
67309
-29323
-7460
12127
-38030
-11943
-64874
82887
81637
8836
-81316
96042
80009
-37283
32493
-35697
85330
90623
-63292
69971
-76394
-53923
-12340
41262
7253
46848
-27611
-86517
-2685
95393
68438
-44549
27860
87627
99626
-71563
11184
-32227
-15760
51378
86565
20129
-27792
45179
72973
-36389
-64324
70523
-45390
-34927
406
-465
91065
99647
80124
77599
-82862
19729
-62497
-99340
31174
-17429
70512
24301
-78239
-2037
-1375
33390
68659
31360
-66835
79656
85330
-84718
-19436
-98608
-46260
-82823
-56430
65487
57467
-69616
-34323
12509
-22018
-86713
-29904
-50425
-72477
15023
-7870
3530
-76435
-59906
62472
69877
96513
-34246
-50038
88011
-50660
-73973
-421
69315
-66341
-86392
38238
-1491
95159
-82421
-44476
-19599
29936
-79717
-30311
-34
59099
-93320
43127
2284
79462
95663
38684
-34574
-39353
-26262
-77677
55926
-13735
-34527
-58734
89263
14934
67100
-18070
67971
27088
21885
-82508
-63415
-71726
38078
18806
11749
-76839
76378
78639
-9224
21930
-94209
61110
-65826
-65426
37147
36323
-21128
-62145
-46170
-15262
-59670
79652
86791
30788
-44402
-94112
-74854
32828
-35443
40401
33769
28772
-54788
52831
17184
69613
5800
-69851
13528
-73301
95482
-37926
-19330
-86341
75807
-17569
-53017
-25212
-94624
98398
-55607
86022
48632
23869
55751
-10540
-47711
77480
-10184
-72628
83661
10717
45080
98527
-70785
33045
35115
49386
40192
-42328
36809
94818
74723
99660
-13041
37154
-78338
63349
-5131
-55501
70403
33649
57843
30149
-64138
-674
-3387
44358
-2857
24316
-73932
40199
1931
62356
-49175
2200
31764
-28409
30230
46852
-75882
-96217
-9524
31357
99272
-51894
85176
-4542
19022
-86013
-4825
29227
25002
46668
-69493
-32727
31826
22496
13612
14417
-91850
98046
87074
-49698
49157
81506
53986
-63761
-50115
63286
86256
-29489
81821
-20610
-36261
50255
-95926
-99908
-40534
39418
38260
-15282
-90980
39801
-27312
38670
-60139
-77974
-96701
-60105
-81558
-39954
75170
79102
-50872
58832
45373
94436
67188
49814
-45027
-8373
17573
72997
-38464
-21747
-73373
47422
-99759
56300
61988
-89591
82764
34153
93967
70470
47805
-75405
-38190
-65274
-38300
84505
43009
-96228
89107
-29799
-99550
-75093
97010
18029
61312
-21722
77170
-52064
-26384
26900
-15692
-34184
-82272
-25890
-41254
-4072
-98837
6147
-99276
-91198
-91113
1900
32712
36595
-33978
-47823
-23216
-21078
-22752
65291
-38554
2968
-5829
39838
43444
-43076
-5219
-71123
-13170
87786
54130
-97337
-54871
-95081
70460
96638
46508
78800
61318
60483
-86317
36736
-4842
-77662
-83131
-72253
-84511
-48181
-61876
30255
63633
75982
90372
-799
9135
41790
-50460
-6836
-79839
51875
-3025
68416
-550
-9084
-39996
64821
48865
31627
-93876
-81659
82905
-48757
-54434
-32241
68955
99692
83940
-65201
-9530
-52961
74109
-52764
-54826
754
52662
-19079
51921
-21108
87435
-13068
28927
7762
-38040
48320
71944
-86677
55178
88123
12660
-31051
-86571
93709
-90711
-9674
76688
-1275
-56458
49532
-46904
73473
-30749
-26002
-23149
-85355
50600
-40956
-99810
81278
-12901
1788
6862
75469
3456
90126
-46155
-64887
-32122
-93424
98235
-22666
72763
-29130
72662
51436
46780
54181
7684
61730
94721
-23096
23732
-44485
-39806
32177
10781
32995
-11306
83818
-57169
-44013
-18866
-32490
-66674
13994
89172
-41105
73205
-70721
-17557
-68464
5715
-51857
20788
-62133
57300
23914
-19556
-28759
-49644
61269
-2163
-45368
11451
21555
46266
-41210
79835
14045
-57738
60459
-41592
-2401
95495
-40927
-47496
-81565
94933
51281
-43452
-23931
-62187
81920
-28934
-25018
-50633
-99371
61495
-15424
15638
-75354
91172
-55208
-20044
-47995
-8429
88153
-13305
81217
-6398
-53001
5798
99886
-46036
86044
-75141
79160
-75831
-115
6750
89797
-11593
-76145
-14071
-52660
8328
-73841
27259
83714
26755
89098
93391
85419
73081
-86322
7511
54136
-52667
51413
-49068
-43101
-3817
-15148
-41053
-18133
-75505
-23011
61175
39014
86277
48548
-9139
80284
-12215
80649
-2844
52761
-66006
-97106
33781
-41954
-65373
74389
-10824
-39093
5818
-75126
22786
96576
67608
-89914
44267
54530
91671
53125
81560
56675
61868
-17084
-65076
-15444
56191
40072
72861
-24463
20288
-44234
-84466
-85908
74905
-21622
36435
-2866
76324
52911
77223
74810
-71248
-72878
-97529
48705
51394
-80463
-96723
-6216
-7593
-48716
-77449
-24940
52656
80953
-81379
-71381
73184
-32662
-9041
18137
33165
83579
92325
-67328
-75012
22648
-42041
80532
-70285
31010
71010
-452
84788
-76013
94849
52028
-53094
-81931
6350
89365
-47670
-68583
-59713
54403
-17327
68749
15985
45978
28682
60588
56982
-58101
2033
41035
56642
-83894
59434
-94305
65939
85908
-17072
-83651
68640
-78283
50
-1686
-78636
-68625
40595
77745
-9141
97757
-94437
73950
-82949
95690
1775
44703
-1068
-74121
-92351
5822
-82761
-64121
96012
33964
-2385
35839
99001
-94964
91612
21349
32868
-54549
-10603
22159
78452
27079
-17067
28335
26270
-46690
27062
-79674
10868
30800
56756
38558
62990
-77235
65908
70234
26853
40435
-39375
-92608
9021
-98925
11760
-96053
52146
-7504
-42359
48996
94008
-31395
-96196
85794
-8906
94023
22298
50378
-52224
32062
-68743
67926
35026
-12809
-72869
-62696
50603
-84366
7026
41187
913
36833
20611
72667
44889
89735
87793
-50825
-54344
-66163
-55856
-58039
-2659
22540
24915
61252
-4161
70904
-32505
22294
32447
58293
-52007
-57181
-89565
-59710
-38525
-50798
50164
4290
18473
-53971
84165
-19820
87200
-54162
3927
50745
-55760
-92713
44792
-19464
1703
47247
-14890
45452
16479
81823
96237
-67631
-6484
-80277
50918
-92430
68000
-69313
81188
-39665
-98448
-13199
68657
-84239
-58898
-79718
5768
93098
67341
-67597
-41208
-21854
83879
-42090
7989
-67895
76149
22724
-96795
-455
-14610
-11251
-30760
84732
72190
-49309
23386
-86671
-52414
34097
42678
-16882
3718
-66815
64213
37619
47909
55118
56279
57372
-54610
-15122
-61693
-6570
-3630
-33524
-26727
59812
-16817
29313
33107
82260
18688
66513
-90832
-99257
33422
36822
71595
-11717
33458
-82966
-31077
-12649
-70348
-62080
-54302
-80962
14864
-8007
-98738
-63163
63036
-1505
-96897
-69862
-39052
38714
83479
-72223
182
83451
96644
53983
52834
17359
-45730
-20401
-582
89761
-92022
-26514
32675
-11030
-76438
-49222
-21989
-25159
52401
-57327
-34125
-82821
-287
-68056
-42214
88496
18882
-19877
42265
48876
-76102
23503
-79797
-87710
89932
71738
8017
-71869
-16578
-10882
-31949
97361
-26168
-47617
-881
44983
-4330
-37067
-35801
49788
-59485
-89513
-45605
40183
5524
-59889
14803
-86042
48840
-34952
66795
-91400
-58805
-8686
-29856
99356
-77101
2197
30182
99912
-21046
3776
88792
-8405
75287
-48649
-1463
-67402
-55467
-47307
-48811
49550
-69206
-64108
-57843
4962
57160
45112
42212
85232
67618
27606
4992
38801
7178
74354
9386
-26014
-4124
-29311
-56298
-20120
-65701
37056
-88733
-55692
30375
-62484
45683
74430
-76868
36085
-29604
38586
31939
-72501
-68597
40959
81771
24039
51466
39339
-56810
63651
6589
80545
7913
116
1393
38910
28336
35100
70777
99232
-68636
-88920
60394
77342
31846
-10621
72058
30133
-57324
93497
41372
81524
-12827
87747
28806
32316
-65213
-86948
85790
-28612
86013
-93895
2612
37981
87811
36753
58594
-45216
26273
-65859
97441
97336
-60773
-7695
-49239
-47215
39407
-39572
9557
29471
11689
42176
-92201
60728
95348
-11614
72093
37602
9681
94165
20865
-3163
-55463
-44290
-55834
25214
65027
27484
53659
-55632
-84006
60691
-19124
-420
20884
-39227
-96693
-8190
682
-73849
-53307
96855
-66499
69036
18814
61185
-10318
39509
-22500
-36347
-25563
18659
46342
23640
59713
-3861
-11438
-74958
-38843
-84484
67508
83385
-99976
-73441
25841
8727
-62754
10073
88083
4179
20413
43572
-84217
78633
-68415
73041
48338
4382
44856
6699
-5040
38831
38404
73898
3064
-86913
19603
72023
88956
-40891
-11023
596
-96468
-79482
-53965
-47554
94573
-15380
-99726
46129
69424
52584
43254
22231
5241
56564
67712
-3693
71311
67903
93999
14291
-32389
21816
-78227
70071
-16364
14443
32148
-79732
65172
-39239
-1864
-30332
-36848
-12229
79915
91356
57394
-40374
77312
-41888
6955
-98678
-9542
1148
-88411
96537
54253
-3465
28851
36864
91267
-55873
-39470
55332
48153
-71742
-38411
31664
7080
-88691
-72664
-86721
-418
44508
69637
14421
73104
44566
-76072
1906
61679
34048
-43956
-87384
66765
17176
67435
-16170
-20965
-1222
-86990
-29778
-10950
40891
63600
59616
-13558
4419
21638
82476
54633
-67737
17432
43129
-4878
23820
56101
56791
49119
36124
5079
-86618
-17248
-11469
88002
24897
-5471
51593
16153
36352
-90617
22466
26433
-1342
769
-48142
85198
62899
-73801
-13811
10708
49904
-44272
34493
-63782
-19959
-96119
-69697
74266
-79941
-67875
11826
9084
-49135
-89242
67331
-94881
33090
81809
-99569
-40110
-42178
13946
36710
12682
95510
97563
40839
8525
25907
-50644
74686
-82034
-43519
16858
81849
-40833
-87721
-30707
-85682
-98998
-79481
16740
-58408
-6169
73944
41843
28112
-21470
-92812
53095
54033
964
-25805
-63146
97754
58774
38828
-78275
-37655
51711
76292
42505
14780
58534
-23506
58123
-50940
87338
13438
47220
48147
50019
-46106
-73256
-20776
90096
-87207
31341
-12748
-42917
-42358
99910
33496
34071
-78443
55558
-93993
66436
38286
20963
54789
-1870
71673
-57396
-46794
-5286
62121
52901
-70122
19649
66345
40465
17364
-65704
-34199
-65444
75389
-77261
-23879
41423
-22062
-21655
13061
87264
-40956
98999
81217
97975
65897
9806
92703
39272
-75670
45669
53115
53012
-13947
89178
-18180
33299
-83310
-85850
36984
-70447
7622
86502
-12055
-9164
12872
42547
-30222
-55902
49595
86877
-92035
-62104
-67722
-40602
-43029
-74237
62316
-19100
-46210
81192
92845
97402
-22726
57671
-58961
92243
24480
-81868
-59635
-64129
72748
28203
41225
2382
22511
-52518
-97312
-39329
-60440
26426
4741
90379
99684
-92074
-32138
-57182
-30219
52704
23017
-59045
66852
-31892
50496
68478
92334
86172
64429
-89233
4351
19765
-40926
-10677
-10386
-39051
57767
-5478
54051
23655
-89628
-27609
-34266
-99586
-40289
-35142
44974
47930
-2952
-54753
-46495
53
18783
-3133
-5006
-33383
26818
-51042
83771
-12357
-3206
-86000
21869
-20921
88932
88141
16912
-62344
24053
28217
36606
63660
-6682
-38054
-77575
-30926
-83953
-34618
40413
-44255
-11709
50915
46145
-1495
-89052
-89311
-74622
-85104
-29868
-32107
69187
46476
72869
-21081
-62928
4709
-440
9918
75218
-79778
18180
1737
763
-17761
9834
63735
47934
-6020
-55639
61097
35714
-44714
-86372
29439
-3318
37956
23254
30027
-64393
26262
-43912
-49892
-28024
-98010
66901
47593
-93251
-74662
79292
-51526
10564
-38939
-2495
-30555
-86473
13844
-38237
-71944
78368
-73141
-46121
36227
-69846
-68241
-44227
-26480
11689
38402
46475
1332
-42448
88827
75293
-70806
27124
92410
56881
91243
81518
-38665
-60207
65769
34160
-83316
26400
13951
-30372
24429
-71077
64204
63319
-13159
23297
-75801
12909
18457
71550
31495
54159
13466
42821
-47680
2752
56849
87884
1451
-42622
-93968
76566
-42642
-13377
54767
-11696
14975
32650
54240
-51217
85683
-76599
11741
-19808
64449
79514
-35191
-34431
-70235
-43341
-17650
83167
-15793
-18544
94675
-37721
7562
73900
-43176
-79411
23472
-73270
77949
688
91023
-14418
60984
65146
-67253
-18838
-45470
68389
-77220
25484
16534
-65920
-64309
-19959
62307
22643
-9375
70663
41333
85776
2753
20322
-68517
-50812
-34162
16996
87572
6375
80339
31259
-34039
-43451
62982
92212
17757
-7776
-75608
-18050
9008
-6544
-43484
68369
-6564
-64496
-65056
58550
-19306
-21355
14685
51058
-34089
-99250
2433
-22184
70307
33091
19542
-57246
-94242
-51653
76523
91613
72719
-67374
34755
-7504
-99041
34146
68453
55569
-93428
-93322
82466
-49884
-71878
-27176
-93182
74265
-35000
7137
32109
33472
-87097
-9114
42261
51404
-20724
-29383
60895
86661
44486
-14126
51252
-72597
-28046
-66735
-50632
41396
45066
-60802
-33168
26594
1132
-79287
27443
-96824
-54839
37272
-66312
-73531
-1756
10284
44328
-76803
-37096
66028
-19570
-43454
-47329
-13065
69172
-86369
15719
-46041
52199
-57084
-14754
-33529
17325
-36530
-77811
99420
19140
-23036
-16433
-78841
39924
-4121
31476
22653
8985
61986
80431
54523
76948
86237
-90493
-99901
-82316
75620
48454
97675
17204
-67929
-96419
-61000
-78235
-10159
-50817
-16221
-31923
-23728
27337
17446
-65532
87988
65159
-45119
-69697
68267
-93087
-90020
-56475
-4080
-4576
-12914
-7353
-48652
63146
-85441
-44151
19281
-76932
-72968
96776
-61133
-24196
-54969
77985
6027
-47171
15337
98559
24608
57921
6072
-63440
-37920
85043
-24098
-66158
-3056
-36562
82291
53046
-55139
-99259
45500
-82524
93081
17000
-53680
-80360
18710
4291
54463
-94418
-81874
43720
-62414
12005
48241
-48410
39541
95314
-7565
-53620
-59677
17041
5637
85912
99618
-54130
-75256
41166
-71091
-10848
71139
-68046
57305
75724
-11218
76481
2137
51373
116
83817
-81190
-93784
-45742
61004
29081
83813
77743
-13491
78051
-80723
-75503
-8460
-13737
-34563
89088
-90170
-94985
18270
-94534
-70907
58683
-67091
-24060
90221
58376
-71649
-19448
-12017
72133
10892
-69954
-68783
-88911
-10382
19142
11892
3006
69961
-86160
74908
-68326
2544
44362
-43761
-41279
-18039
78000
-47354
-96085
-14133
43464
-12537
47739
38895
23080
-51888
30538
45811
-33981
75690
-34885
-68362
37932
8386
-85753
68495
67139
-58118
69709
-19228
-10465
-62636
-86686
56853
65380
72832
-78370
-72017
13416
-73508
18365
11
31320
-74967
47449
6295
-33761
-2740
55217
1106
-68162
-39633
67771
-57295
-29045
-26643
72512
-6778
-53380
-81546
-98926
63334
-13786
-38771
-47312
87492
79619
68006
81046
-60526
-44143
67574
63050
98470
-74100
66562
-86996
64531
-12171
-37712
-46811
64566
96915
-50224
20063
34183
6637
-25223
12746
31655
-4046
12181
61190
-14077
-2309
65295
27519
22686
26494
-72109
-79648
-8260
56948
98656
-50987
-39317
-77978
-47688
-63476
12694
-19115
31360
93387
-99483
-91110
23880
96690
-28267
17381
44395
60781
28645
69203
-34242
-40070
-38622
-54843
41720
-69256
-70611
50187
35714
57643
5108
13429
-35069
-17691
-86771
50070
-76872
-72598
96770
48447
48226
94762
47269
-48133
-33375
-15937
-45370
19668
3943
56151
35140
-92541
29575
48894
90446
3081
12028
86312
-53763
-3194
-63476
-31494
21263
-67332
3657
66207
-70590
-81696
-42135
87790
24176
37468
-2075
76921
86068
92432
30484
66436
-54094
90912
-88849
32276
-53780
94416
-55243
-13159
-33374
-41782
47184
49179
54317
-21968
-37783
50923
87193
-80362
87624
68447
21665
-13465
49821
42963
-98746
-41181
36185
715
-26604
60978
69585
-50145
-13437
-90874
-47471
49875
57577
-22539
29308
49724
27733
97061
-52561
-51885
6790
68806
-63703
-5216
4094
51616
68121
48501
-48084
-40364
-24636
70
-68370
-24880
-68082
69228
35094
-28201
-82955
80070
35880
-37411
-73113
-74019
49815
-49687
86133
2893
75615
58556
71999
-64871
15034
-3825
-27295
-42776
57511
-24077
74677
-16061
-25796
67
-80949
29641
-41274
88250
-22967
-31416
38764
8873
-24977
-98232
46336
-75862
-15978
82184
23151
-73904
-34162
10787
-58502
52531
77295
79043
-496
-63970
7973
-32360
-72115
20123
-16779
70830
93183
-24590
69177
14384
-17957
-18698
-36109
38615
34561
-94037
52855
77068
-62892
56673
-90411
-55773
91330
13237
38936
8367
98831
35968
63313
74324
-10163
13990
-50819
38995
17245
-87721
59089
-45758
-73054
-91668
-23687
-80451
45063
47602
-24282
68722
63964
-83250
6734
-48117
-6087
38364
-95357
-28520
66541
38830
-98699
-61911
-16233
-73589
-48278
84944
27236
10135
-81278
74179
40963
48388
12957
-88928
59809
-68290
-28205
63744
61816
-74639
-7620
-72837
85241
27862
8776
38
93571
-11223
96605
-18136
-47639
-63044
-22728
75376
86849
75039
-87514
-75361
-63940
-35406
-41984
-48713
-86003
-50333
30385
60500
-68167
-90692
22643
-23352
-14993
-43356
66011
-35051
35289
53709
-50239
-53819
-77189
-65240
-52760
-30898
96623
6206
61518
-34285
-66950
77081
-52395
-37158
50361
-39405
30816
-50960
766
8124
-37298
-58602
28854
41427
-62253
43650
-45372
-30209
90273
64377
38267
67313
-96110
-56823
-52610
38641
93506
-55966
-90637
-90741
67757
-53118
37991
37920
-73628
14523
2794
-9835
-76403
-43719
87626
47278
-53801
19129
94572
41071
-20489
-3809
-4835
-89970
-78840
-17212
-88064
38392
71767
51209
90305
-30302
77393
-93
-96471
40609
8775
-65507
-41995
-68950
-24539
4503
-19891
-31176
95096
-65515
98776
14888
-78830
65801
-78135
81428
-37387
-61992
-25209
54844
-38985
-13460
-16066
-46790
-83948
91072
-83426
-2160
52447
93801
-33272
-98365
-16888
83554
47142
-68462
76847
-13670
-44950
-69092
83509
-21429
58090
-60810
51467
31939
59701
22632
38416
7897
-61239
21238
61781
2258
93742
41715
-27693
6198
-12844
-80318
70147
-46020
8408
82571
-92861
-94823
-83270
34494
-98578
54001
-17045
16135
76693
91627
-30225
22117
-87902
84284
88261
15506
-41356
-82856
-46124
-2015
-93091
93266
69192
47042
-13641
96979
73226
93348
-38209
-17377
-37184
91256
17101
47593
38576
-10750
-33152
12700
80998
-64300
78208
-19277
-77270
76370
35687
-23841
2575
-11231
-82224
-15035
-54548
7407
48094
22952
-41374
-59864
-29512
-47166
-62947
-69853
-72558
51795
67648
24742
82994
34989
79859
-33034
-24769
-95157
-89940
72440
-29659
91530
-54226
61604
-30980
14032
72967
-53946
-8198
-19347
-71404
90944
-25391
-65275
-99803
98052
93686
-67192
56120
-33518
-62649
85479
-70710
48070
98762
54624
86905
-17033
-29973
-16199
55226
9325
22067
-50869
-66263
3527
-20989
84075
-17038
6164
-42552
55598
3733
65215
-42378
-87707
91492
68603
-13656
75182
-28176
-31734
-37272
-74017
63524
99351
93398
-11939
82082
66333
9542
38567
-19410
-11634
7830
47087
48178
40816
-42967
60561
42742
61373
23058
-49565
-97143
78808
8993
-87384
70656
89109
-1945
11437
-6344
233
95687
39710
78482
52969
-24195
19592
-86524
-52228
45809
81149
35787
-72597
-12290
43001
61675
-53681
-34115
34844
37141
-53869
-14718
40803
-1635
-83063
76116
-73784
-15244
-74159
8847
99982
-33881
-38163
-15168
-72548
68896
13737
-80824
87133
-87103
-82843
-37065
34527
-25284
-54520
-42773
24461
-19168
40757
77736
-22833
-25464
-68919
-21736
-2854
63800
114
-20774
27315
72595
79172
-69651
-26806
-54294
-22760
31273
-76923
-74111
-19058
12310
-4915
74272
-20595
94871
-56271
-52785
48278
28676
71040
33305
40381
-59101
30838
-8384
-27449
68241
-51769
39980
62377
-7898
-68802
90466
-38595
83741
-33895
51302
-85763
-52336
-9470
12030
-68532
-76243
64337
25624
-78872
-30731
-20676
-30309
-727
-79721
78013
-56916
-13732
-73351
-71185
88305
19336
11778
-38064
19639
-36786
59850
-82530
-89491
35611
-4702
26656
58792
64078
25134
2765
-69500
43705
-36515
33203
-82096
-52725
-12510
56300
35480
8982
-24189
8720
37582
28326
-10181
9604
95211
32915
83433
-52578
87577
22730
-38791
-31399
69609
11985
-14975
-36122
47778
90973
95368
-91046
-69330
-3877
48180
69738
97170
92576
-79918
-34861
-47620
9931
57437
-2112
-93610
9991
27981
-48298
57466
90153
-54191
-18802
-93815
32869
-13479
41507
-66
-13357
-25299
55393
-57041
98831
59371
-83323
53552
-81653
-44318
26889
-88043
66587
-79327
-21248
-85909
-52145
-47642
59834
-83001
4695
39435
51449
56784
-65126
74327
-72656
-49617
-23045
9265
-51820
79277
-89774
-26314
-12433
-8819
-3374
95053
-28778
57265
-54683
84603
-63084
-5996
-69043
-35630
13065
-19981
-75230
68344
54763
22983
-52777
-61791
46490
63328
-6511
-89856
81301
-11837
-84169
-36321
82627
31699
79355
40636
14095
-99166
-82879
-60170
-35041
46087
6852
-10549
-54182
26920
-8733
7261
-779
-84256
-80805
-78828
82466
-9814
-89755
-4962
-36292
-3447
17149
-36025
70429
-10302
-94245
70335
46347
16036
-34972
90858
54242
-22457
-99266
-96886
39456
-37930
14036
3630
-29788
-76324
7127
-13405
18847
31266
-88000
43498
-25536
-82038
73502
42955
13130
-22830
61476
-14063
-38508
-77577
-59818
88720
-16841
28909
36897
-75179
-38536
-89644
-95287
39696
50856
46653
-37598
50775
-93790
64132
12523
41362
-43450
9541
-61014
18504
-86964
-91667
4108
-20624
93007
-89323
-22380
-31313
-13162
3412
61105
63658
6770
54336
27410
71728
-49682
1754
-87148
87199
52078
-87968
-5694
-17148
-40838
-88241
-66946
65068
-5932
82346
78904
31510
-34581
-33211
1400
-30635
76095
-16859
65761
33777
84593
87397
-80005
96364
22947
-31390
12846
88525
-78049
93364
45484
-42589
-26443
55528
45319
-99381
-41527
-11253
36262
10167
52411
802
62735
93969
-13171
78178
3062
-80722
1813
-43334
74083
15069
-4842
60891
-58397
-9094
5487
-19887
-99108
-99701
-37014
89963
-18006
-61427
35889
-64140
91414
66994
-37407
14628
3387
-64896
-95038
-15401
57602
89383
-48592
40307
35784
-65177
89613
-24707
-9291
49462
-76360
78329
36303
-85470
19664
55597
44089
-10152
42791
69946
3752
89214
5264
37020
-28986
-11297
24754
20746
88055
-57691
45497
64594
-45386
-95847
93171
37677
79739
-31937
-52102
-3396
-10457
14814
-33782
93822
-37831
51609
46656
98293
-67792
-57973
54035
89878
-30520
16647
-77709
12672
66763
-6518
-66034
30574
66069
2315
-22286
-33495
-26541
-50192
649
32078
-47067
94865
-49725
-17416
28340
69951
-75124
98782
69221
-12163
75017
8106
92560
-31769
-42481
83880
-45540
-48860
77284
14283
-55738
39511
60593
22438
29831
-26161
35903
-31801
99736
-85190
-22948
71103
25514
71409
67514
72224
30133
-38354
83946
69341
-74795
-28531
-64466
63645
-13475
27279
44770
-65186
8244
45555
64431
54618
-39118
85568
72392
83410
-54413
-8321
-53353
-57424
66538
45575
-21969
-12453
-6673
63078
-45044
-3478
13588
80512
24167
-67586
-85441
-13869
56822
28318
-61075
36878
11241
-31481
-79243
7738
-43431
36102
-33873
-60890
-48388
-34264
-60935
13151
-19045
68011
-60922
-87553
-21594
92153
38739
-50264
-11019
58108
33026
-30065
-20871
85694
-43314
-81834
-96820
-69047
41156
1674
60946
45948
42009
-90133
82146
-89581
62958
83185
91447
74877
-61718
-79535
60721
41748
31685
58674
-26850
26955
19414
31267
60967
-56569
5097
404
-28416
42333
-46250
-81466
22303
69058
-53849
-20330
-44516
-82283
29082
28732
-5231
78144
85107
3890
-17860
-73885
28580
-34923
5010
33181
-11840
-37933
52052
47954
-84240
40953
37693
-92237
-12988
1432
-69685
34884
-92364
-81445
34925
36639
-54195
89925
-98009
18417
-36074
-88821
95253
69806
1136
-8161
-24753
-33970
27909
61490
-16647
28991
8464
-97381
-53969
29721
-41726
16386
-84303
-56339
-88226
50958
-8325
22945
-46108
-37809
9354
51872
280
-60497
-4156
34930
-21353
95957
-1516
35658
-22185
7654
-33440
38794
23091
73571
-31776
52849
-43301
25641
-40708
-26353
65638
39143
83189
56653
-24860
90807
7617
-53235
43028
13556
15385
-82535
83044
28752
92829
24050
-19584
68636
97520
-14708
-95648
-34004
38448
48312
-39768
-92535
40634
20811
57885
-74716
-51863
-78440
-2492
36141
-51141
30536
-87726
84461
-25348
28591
93929
73831
80063
-94816
20214
-12843
-11812
40275
-77758
64286
-62214
34028
-86163
11140
72258
38374
-90553
3010
-9926
99857
-8469
44157
69865
-37806
10412
22801
69342
-94057
35630
-26377
57818
-16454
22947
53017
75908
-15097
49375
-85817
-23444
-7359
-96761
-5215
-60521
-67753
-65126
-5279
33069
-5966
-78160
-27158
-9724
17859
-36030
-65864
89507
-27660
-80939
-53125
-55837
39936
-51786
13894
-95290
20025
20849
-30060
-46255
4608
73131
15742
-10757
46990
40170
55104
-56193
41266
71461
98852
32904
43898
20537
95510
-31486
23343
-70280
71324
43156
55681
32024
5368
-82196
30619
-26462
-14286
-86194
89327
-53427
-35846
99985
-92060
-79
22073
38854
-39883
-12324
4141
-3709
1774
-24369
79200
34963
47178
27886
90402
-70082
-67073
93241
41170
-26982
28217
34672
68520
-43101
49648
55798
-28464
-56761
-82647
83655
-98828
-87074
-95351
-25030
-48005
-64353
52751
-94138
-75207
9127
-96376
73401
-46469
-31382
1053
91468
-48860
-5067
-3011
-82126
68265
3532
-20916
-74747
28476
-34058
41832
-36728
-10191
-87424
-47125
-5345
-94813
66246
-60158
-64284
-46774
-87063
90736
67095
58065
15572
86636
18232
69816
-94671
-39012
53081
43505
18806
-81951
-62263
26505
43198
50096
39835
80701
-78100
-36652
-96282
49635
-54309
82980
34658
60514
99442
13769
-37984
15644
-56759
66864
49716
41029
-34175
-51435
-53938
3600
-11836
-7111
6918
72690
98387
-27866
83350
53734
-25486
82254
-36258
26743
-4446
87738
20470
61035
-16996
31989
-66860
12536
47054
45370
73747
97362
-97050
30477
37584
68354
-78017
-40226
8060
337
23885
44146
28105
-54631
33074
23182
-23122
55219
-40337
-87160
75220
-70479
-93590
-15764
38074
47138
-11059
-57538
41338
-46385
-11784
-56354
201
66921
-56778
7464
86442
-27953
85582
47481
68115
11501
-37491
70580
-50825
37167
12921
-7122
-20862
31832
-74286
99412
-40357
-45760
19802
91816
66112
20703
3746
-23758
-85698
-31570
-2148
-40255
48335
35138
-85922
24194
-23989
79536
-37772
-76783
25725
16068
-79326
-50535
26046
9159
66309
-83436
87715
-46619
77286
-70444
92096
61972
13275
92045
-43624
-7819
-40419
88158
-46066
96924
-23525
68987
35272
-83877
-68338
-67278
25307
34237
33096
-17162
-49526
9776
9783
-55999
70569
2399
-86940
3973
35137
33096
-72092
20621
46531
-88674
96248
32493
-15949
90671
-1230
-76741
-27131
-2276
647
-98098
15995
38488
-3781
-14345
-26325
-77901
45842
78263
64719
87692
-17766
29693
-63279
38242
-22464
-11571
-92539
77990
-97322
87081
10329
-78525
2886
54367
-63611
-45409
90659
64775
-76292
-57745
-66195
-65926
-28686
-18037
-7244
90284
-52114
-9286
61741
-69582
-85104
60852
-20771
86595
-13300
63872
24084
89562
-63338
-59443
54747
-99305
-40660
30139
-25031
23858
-55052
-81290
44239
-34127
-11339
-74661
-43645
-50334
-49882
-41988
74548
54875
3006
-80775
32364
-21821
60855
92059
76892
83937
-89853
73305
-59243
53018
-87137
38012
-28227
-76271
-55271
24831
68729
90201
81617
49483
-8653
-40292
91385
86025
6634
-82982
-24358
-48855
3533
21310
-51339
30760
31007
26960
-86506
56849
70850
93123
84819
47276
-61923
-649
67662
29551
-62801
-47872
38396
-26326
-64364
95110
4372
-81226
-60510
-80025
-23658
-24839
97038
-58576
-75236
86451
17926
-41060
2507
-73157
-85399
56009
-52570
2898
73513
-69280
48573
97229
45770
-33356
-72934
12041
-15535
-25808
79382
-99466
37427
-62936
-67675
33724
-65671
-24578
71973
-13322
-35622
77655
8254
-25653
99363
55521
-96726
69112
95999
-11623
-68817
58414
-48073
15600
-51970
6597
-12965
52582
-57130
79010
-45038
-96657
21154
-26001
94254
-36393
-36916
94299
84495
93360
-50821
73460
-41506
-99882
-62876
-85747
-10713
86669
-18716
-6176
43972
-23581
10720
54647
-6850
-29708
-22656
82821
87440
-5992
-54575
61207
-36021
51017
-97907
2275
-66905
-63039
9569
37637
70270
64454
733
38693
-81334
-16559
21499
-23829
-38263
81688
-16277
35393
57178
-7091
-30405
-20564
-21678
-33552
-79068
-83998
-12994
55869
45123
-81745
-50525
-44938
-39700
-82572
-54911
16664
18952
55633
18679
-21640
69545
27321
-78719
78120
-34752
-63439
46475
75183
82296
40077
-53442
-52262
9008
66400
-63804
93922
-3654
90647
92819
39537
61853
84872
42599
81827
87367
50176
22011
60014
-81052
-2058
-80584
-14538
40084
-88477
34555
-48837
-96099
94313
21472
-98637
-18
93503
86310
-16118
13035
71849
-45624
59899
27060
-89040
9899
-17214
-10719
-72941
-68638
-5881
-48201
37951
10377
19411
8718
94252
49472
47464
44251
-30159
21581
91032
32424
-26152
-16661
98480
-23254
-5205
-53791
31546
27526
-75072
-98423
-92661
-80782
-61320
53914
36434
-54584
60561
-51334
-71814
64700
44540
-70398
38625
-7875
-47525
-70241
2382
-69643
92643
4788
11391
36121
-13089
85502
-46575
-73142
-77185
5551
-40563
-66301
-33385
69316
76925
4795
82285
62285
-47228
-66511
89416
44004
10552
99562
23337
-99850
43537
67387
96019
-92593
27867
23874
91026
-78770
-53243
-18073
46838
-33165
28550
-1817
-55748
74722
68911
-22474
12763
-88917
16315
41414
88209
99422
14225
38858
-34671
84314
42955
7859
-19454
-28764
-65991
-11948
-81004
-53700
98180
5770
-53600
-45794
88812
23367
92668
11204
7408
7891
-39255
8285
-34481
44112
6505
-81066
-28662
12842
-38579
81324
-91755
61057
90050
10881
-60763
-35297
-42714
-82209
62469
-5081
3898
-9387
-33438
-23106
50817
-13436
53011
78784
-60288
6633
-55335
99450
96340
48980
73794
60398
21106
95363
75725
42118
-81260
67920
-53031
47857
34563
40498
50701
15944
-56138
-85897
-77671
-92082
-11351
56760
-30297
-44654
42115
-74568
82935
-40834
91401
-12283
15371
64008
-72301
-24310
58133
96706
-34122
-69025
82111
8297
-78722
-11755
71296
-98463
24577
-48060
94700
64346
24024
93864
-40678
-85672
58175
-73303
88168
-44978
21448
9775
23787
48757
-2439
75896
38081
15137
26359
-30861
-75027
-94531
63348
-69924
-33642
-11652
30005
3292
21632
-43018
47173
-37691
6668
-70217
35539
13300
-76761
50598
42760
-62184
-28143
-44278
-549
-3303
26928
-14251
-61880
74239
35969
-90400
-22254
-8963
95951
-60592
-4793
31537
-11597
-12408
57800
25057
-29617
-57740
29346
30237
-56517
-46538
81509
-95267
-80787
-59921
53603
53044
24769
33672
44285
-47020
48850
24120
2371
4338
-87085
64718
-13277
-25730
-80337
-33770
16946
46714
-10901
-49658
89886
79780
-51369
-7462
-47047
-73976
66910
3155
97099
-55411
-9371
-46506
-50499
-79537
-14365
-90612
14278
-57229
43882
-91300
-86451
41632
59759
-74059
50785
-64514
27263
-31744
54144
-26378
10318
16813
-59645
21643
-38245
-28656
71140
-14215
-70888
15567
10824
48980
-40931
-87955
-46033
-83492
25441
-67605
-57315
16553
-26353
86119
-494
79236
-31625
51522
-94735
82845
67484
-17178
-79578
-60053
9670
11452
33320
-31933
7225
93721
-32950
69028
-37155
-25988
-79770
98993
-46369
-94333
-54594
-72136
-85361
84744
88520
-68491
-8296
99863
88599
-52831
96050
18175
36645
-89866
-53630
78348
-32728
-60117
32983
74219
73213
73941
86027
-55464
-47984
73409
-36035
99950
13193
-25940
-66200
-1513
25423
-36301
81521
23274
-45050
-5940
-66251
-43930
97082
44822
-40482
-24221
98090
-40113
-61640
-68011
97357
-97290
60607
87063
6759
84950
40040
88555
4929
-31316
-55488
-42820
-17042
-99759
-71492
53569
29169
33828
-12315
7876
84061
-60856
88679
54270
22946
4992
38885
-60658
50822
-76633
-19220
44201
33748
8394
-99767
14662
-78834
43806
48583
-47481
44832
-46563
-8247
-97694
50963
-17896
54901
49542
-68520
15866
-15362
64322
-70983
-42147
79129
-31022
-17
46945
-24770
-60325
-31977
-66101
85674
5512
64007
97056
-60756
-34788
60980
-46912
-52526
50055
-55882
26229
71460
-37159
-45296
-63162
91283
-81778
53908
-93383
-27512
-86861
60790
28447
-87246
-83983
-42179
-30599
10067
64530
-87704
45113
53378
70870
-63842
63351
22557
-37679
81800
-44631
30106
56328
21688
-20118
-89332
-81216
-44639
113
24455
5923
92133
62127
-76922
5951
-45744
5185
67861
18531
-28793
-98565
-1140
78484
35249
79238
54617
14463
-83074
7902
-3493
65489
-20673
47403
-65975
22147
21274
11588
25259
8131
88252
-33654
-2765
-94275
-95601
-72957
56661
42580
-21348
-4035
-87363
94961
59567
-73261
17521
-4084
-13211
3632
-15199
11985
47581
35580
-29381
-26097
71086
-3980
77625
-89160
9547
-69729
-89600
46832
-66057
-31791
-85272
10019
-13943
-7347
74781
75834
-50409
-67467
-83925
53818
-34283
9023
15928
-93271
177
91851
8179
-7123
-1222
39361
-98695
72249
11840
-70971
16186
64847
-28362
-50281
38990
-47800
7188
89530
2676
11875
57311
-69056
-51206
-1397
-30237
-86127
73595
-4032
64832
99591
-92340
-92923
52693
85868
-15717
37581
56378
-87645
-4707
-2479
20441
78696
46840
34101
83231
-32722
8246
11156
-85569
67630
44215
-95807
-39049
74581
-1437
-81388
73998
76398
10029
76873
60722
-82186
-21497
-51615
92122
71167
-80324
33409
91775
64919
-62611
-37939
-50433
93620
-81795
-77743
-44548
68434
78244
-55793
10455
-973
75657
13537
1967
-26683
-8462
-83262
-29464
56544
-39872
-30184
-25671
-35732
-70450
-4844
-70358
-20090
-52205
80752
20999
99088
-24794
64601
-13681
6467
33965
-88559
4522
27952
35107
-47652
-25913
77317
-79674
-687
-31337
11455
33223
44166
84050
61234
12489
12844
-3875
25743
84625
82376
55809
-47832
35340
21471
7758
14226
90348
96011
51829
40513
91325
-68940
37874
20248
-65758
-80611
26517
-17158
-20581
90769
76024
-60148
36872
94272
-59172
-793
-1899
14671
91313
726
-2096
-31546
-88982
-82389
74510
-82954
-88193
72865
74378
-98901
-87535
16574
-20779
-78555
59599
-54969
-17551
2299
54917
82783
-14497
-28724
-50077
9524
-21924
80627
-13069
17983
-79857
55186
-78723
-38791
-90303
79538
20328
756
-93702
45609
13667
15066
-53450
72710
23786
21094
-8016
85031
-63709
-25550
48880
86045
48509
-77849
21075
-5907
-28440
-56044
65880
-21913
-2573
22334
26490
-29179
36305
23341
50028
98684
-19092
-15438
-69740
66389
-91960
58630
-37673
-25488
-45997
39306
-39649
-26939
32083
-61366
66636
-7408
-85835
-82809
70343
11718
-99221
-56273
-80135
63255
83414
-89809
-82231
-17871
-1959
59843
65177
-24740
89954
-72164
-24111
-92881
33139
1288
-97214
66290
-96666
-16671
77598
-98851
27042
-55019
32716
-8695
29631
-81661
12402
-40035
97117
-64419
-62180
87359
-1576
93491
86096
-93126
-37818
70277
-19265
-69449
52442
-18666
96701
-56850
82992
-67667
43971
-75322
-57052
-2448
-49124
-62394
-17521
-86856
-5707
22672
-20349
-8667
99232
-45053
-84728
-2136
98248
-2016
39301
17791
-7901
-63320
-15788
71242
-31767
54779
1310
82761
84011
-96159
78037
92334
39927
87719
-33083
-20176
-53586
35474
2981
77561
-15717
-78612
-79214
-11199
-8832
-21018
86795
-8588
69733
9367
54528
53008
-72217
-6293
-35510
20688
-78193
-27627
-71765
-61351
-82590
3492
-22140
-44006
31580
-32911
-85608
78051
92504
-83535
25201
75750
11428
66417
95575
-47470
-67082
63577
64117
60365
-76159
36727
-25367
97650
-90159
-29396
46792
-61519
-75698
1538
78123
4467
37919
-63965
94562
25674
85555
-91033
18510
78642
-89083
-11778
-41655
-83481
71238
7914
99902
42723
39277
74304
-89145
-57084
-18920
8598
-45962
17579
51519
-73377
94896
99701
21824
85486
-24959
-74747
13095
-41459
-33364
77561
-49936
8582
39746
-9351
37217
55151
25632
-87138
49819
-76666
-70967
88809
-94040
-90785
35435
-84770
49418
-96975
56773
78879
29426
-4404
-58391
-59501
-54367
99997
-57121
12396
-76456
-78364
16694
81614
86258
60629
-16380
-91376
-84816
27352
-13313
-96008
15568
18013
-95608
88488
-95260
81156
-55115
67823
37751
92492
-3263
-80882
9622
88142
-40571
5105
31326
43413
26697
25725
-69926
-92483
65627
91702
20117
46970
59434
-38676
-50826
57582
59704
-30184
98200
-35056
77065
29486
87729
-6312
-50091
-76733
76307
-96916
-63823
39851
63925
13642
34234
-60688
-78667
26640
-78862
-50047
-76568
94250
-61946
52691
-18612
-70075
-78689
-47525
47959
-49282
65689
98002
22858
89449
-35525
-85301
65662
19644
29967
-57645
-77563
511
-54253
15606
-65982
-46150
-86241
2718
99157
-6605
37186
-23009
-63476
69418
5332
-2135
36675
11892
8785
-66119
40110
36891
-7994
91811
77105
-71945
-22374
-29107
43487
52674
53278
80921
55691
43291
-30067
64139
8998
-4726
-74901
-32915
-49520
14685
47981
45157
-52766
-97357
-73036
56257
93402
-43486
42087
89536
53539
48056
92063
-84905
1694
-72505
66880
-14509
35640
-51111
720
10021
67568
-92735
6739
83784
-43518
56818
1526
-78611
-11882
-34103
43337
16831
37951
-27373
-92721
-95270
77348
2062
-62252
79039
-17920
66432
-82478
-66037
71706
15196
-73181
36055
-37274
59944
64473
26539
44067
49596
21285
-59897
-71591
-6201
-20708
-93213
-67731
-46861
957
-84882
5435
-94248
39201
-20549
-90565
84408
-21859
-65806
47446
-15905
-29585
9206
-89693
29363
15895
-87845
-70816
17347
-86387
65640
69242
-15706
-27615
60147
35821
32011
96373
-32019
-26254
-12010
-92262
-48218
9186
-88797
-17729
-16614
77094
-93064
-90461
57207
86778
77009
74537
41285
-49993
-9182
-79306
-65617
-56833
97492
-58608
85032
42
-16570
89202
78986
92865
14012
-68600
81875
81618
-74974
95626
-92919
27907
80256
-1177
-56689
-95235
-88273
1115
13613
54607
-60664
-79493
-70464
88999
-62791
89300
-17315
74695
35224
88279
-37096
18233
89607
46064
60389
1698
6938
-66888
-34883
55846
-29037
-21069
-12144
-37281
-12449
67294
39254
-75194
-96329
-63384
-52837
36094
-69238
-99771
58450
-89437
-17941
70465
71203
-82144
-66560
-44951
-36155
-78676
-53495
-4628
-45242
42463
-32558
-50508
-34404
33635
33671
179
-53747
-94325
73228
-33715
39964
45148
-69040
53029
-31595
-23791
-36463
90097
-54729
82290
12911
-78311
-71766
64695
837
-27271
-87351
95213
-32908
-49824
73525
-80778
-46875
32995
-34871
-12411
-86226
10260
-15908
-40200
-1754
61629
-85111
-56542
49971
2348
6833
86830
-14893
8701
-50164
14924
-79505
-65134
-67841
85882
-2234
-55245
-58991
63143
32817
68403
-44012
60158
-2679
-96017
33680
48736
-7266
-55439
44046
-67292
57097
-24394
92844
-9772
17345
-88064
70486
-36359
-87126
-82873
-86693
60853
-28289
-88426
30120
-5696
-59210
-84681
-45800
24105
-7651
20938
-91698
-57635
57141
-42279
-6895
-16503
-3741
95528
-24950
-38190
14876
94794
68189
62126
72469
-79678
79294
14145
-69318
32561
-66195
-72163
-90611
14094
-68542
80761
133
-59237
62315
93631
-28654
33186
76418
-11771
-98007
-22978
-92208
-80264
-55520
54562
-58490
-86742
-92901
71387
20124
18511
-6985
37146
-32880
-54020
16214
20924
82891
-14962
-65626
83443
-51281
33758
-33822
-82384
7594
-90919
59119
41890
-93084
44239
-66416
-31678
62321
94295
37955
-22689
-45032
-96466
5591
-26000
-10357
60305
-44763
59632
-49634
-77906
-49212
-15448
-67072
52708
2300
65045
-61792
-28695
-15810
-22903
-58089
-91050
7045
88138
71718
93766
90158
41224
-18202
-10686
1846
35041
-55224
-57052
-2496
-59282
-88645
-34404
92897
40559
-1342
56386
-43528
-8980
-23271
63570
-37630
46607
-98154
12843
-69174
72894
-56484
-14603
81444
78344
16876
68539
-52800
-79823
-99757
-40977
-46382
39557
-15026
14502
25283
-29808
-95719
79299
-64637
-46744
-71317
-37329
81717
-59050
-577
-58462
34562
-53110
-37267
37909
-22911
-93781
44737
-67263
-35546
-72081
64205
81840
-38391
-63970
59653
-33247
-30624
-44967
-83028
74387
-84236
-69118
-60585
39208
82509
89471
41268
77240
-1651
65171
-73926
-3469
83849
-81494
-94596
99811
79727
-90211
-24561
95260
-23244
92373
-16529
-4269
-28582
8212
72669
74827
25139
-13954
-4790
39532
68326
22563
31959
-90243
33994
92808
73405
-55024
35533
-53026
-31908
30453
4642
-19379
-41020
86277
20702
-53317
-8348
37724
-42829
-14591
2735
-54560
-77580
32598
-96386
-57690
98611
-73737
-98165
5902
98869
55613
82044
-89232
-16799
-83009
-19685
-78201
-66621
95429
-69202
56317
29254
84026
88919
9433
87869
-57526
-48676
-86221
-29013
-52931
-27835
-72195
94278
-49240
-43555
-26544
-80579
11283
-7438
3113
-86060
50599
44752
-10037
-46857
43899
99332
-99476
-17918
26460
-11705
-89879
47990
-95597
-45402
59896
-49702
54860
27805
18939
-4563
-8147
-96557
-94432
69805
-18956
-3601
-28114
18083
-28708
44281
84627
3621
31786
-59274
6849
90516
-82070
-72449
-47711
-17723
-13240
45798
76280
-38626
-58959
-21956
-59088
-54757
-69473
-3288
56446
60519
-27525
60518
-18399
34954
-46526
9903
-76044
-13706
81231
65958
-64592
3090
-9719
-9082
99730
-80802
-32264
-93301
-24921
-83971
83853
86056
-84902
-29090
-93484
22800
-96844
8641
27628
-53166
-69322
-3283
-91118
-74729
29398
81293
-70728
86673
-63622
87244
-6919
-27147
16032
-61511
44127
324
-17359
78403
-9786
9059
85093
-99708
-36984
-38231
-57184
-65839
-48607
98343
-29731
87276
-94828
-80991
-72135
20573
33138
-91982
-69289
-66068
-85377
-89431
25457
55359
68984
53416
-20776
-62111
-54478
86489
75963
-22365
-25123
75105
93889
-24343
-72624
-77026
-65819
-12552
1057
-24694
65971
-18326
-830
39361
-99749
-93763
46887
33956
50482
-79741
-58439
5380
96603
63359
10064
55591
36118
-71100
-4710
25403
-10571
61466
-87170
-63764
72393
94345
-43017
-46614
-83475
16854
-45828
33443
16817
5275
2510
-55072
-24583
-64289
67292
-3627
31963
-23438
5370
-92238
62467
32663
-27064
-45581
-37358
-33001
-58285
37803
-74470
84821
86893
20101
-93
-67746
87400
-3518
65418
-33305
47385
16068
34253
-72550
70231
-52896
24840
54290
-49553
44797
-16605
-54818
-76070
-42927
-19786
36817
45967
71312
-15242
72845
82745
-89527
-18002
-59403
22963
-48120
-49903
-2623
-98019
-54876
43722
42971
25596
71433
-36513
45719
63415
-51098
-85999
457
64514
-90204
-268
58580
-36015
47982
-17142
-17279
-91210
50231
-44048
46665
84588
-87320
65240
-22008
-86138
-14594
-88241
60393
28053
87263
-43710
16075
-93929
-10335
-96308
93782
-47593
39971
-1489
42936
18224
-29087
-32521
69753
13775
94332
52635
43137
91148
22280
-49024
-75134
-56699
-24763
-37167
-5673
12112
-95624
57852
-10603
12587
68279
-84349
-1678
-89480
45158
15969
-3367
62477
9212
7967
-80467
-76981
-74240
-19558
83507
-63709
-22108
82990
818
23451
27523
26521
-52580
-46272
-29387
56124
25019
66321
-71090
28712
95712
-23630
-32077
-53589
-32129
9500
41301
-93626
-80168
58752
63709
33086
484
-84730
-2808
28588
49416
-63543
-69014
16489
41948
15482
18452
-82331
-24911
-42013
-95900
-58166
34547
46252
62956
40916
39949
-2225
-3528
43359
51718
-66726
-75589
91975
91412
72186
47816
-82572
26436
-71148
-94754
-14750
-13200
37566
-32421
-19758
-4822
-73262
-74820
-15433
29092
61009
85113
54881
88314
-30717
-81929
85742
-35718
19707
-46387
-24984
-9621
84253
15340
28864
63421
83563
73348
-72992
5905
61494
66154
-30248
82142
-85987
-66785
-68230
-54066
-48956
-78551
-1796
-60238
-76673
-83049
-17941
-61190
38673
59637
76128
31802
54879
-8791
3997
-67299
65817
9735
61965
-86242
-62506
68150
3501
-29527
65825
69222
59601
73340
50922
28078
97232
-21705
22662
47941
-47081
69012
-45682
-78369
60918
-70138
1008
-6374
32701
-99752
-99674
-21765
-74203
-74258
52492
-9606
-80264
-90965
-13656
-15506
-42147
55134
48116
54913
-71591
-53662
51724
-27575
81672
36836
-62126
-35339
-915
85267
-8496
39883
52209
-74413
35304
49558
62899
17359
-30858
15179
93303
42631
70548
95338
50344
-62879
76583
22061
18073
-92919
-17938
-45560
-52158
-3444
84525
97988
6412
-38929
48796
53644
91274
-24750
-87248
66355
-65828
-422
75084
59952
-1931
-42626
-99859
83477
-77483
35898
-34547
49149
98901
-6833
-10852
31819
-6342
-84454
-6926
79012
-21392
-85653
-73414
-77199
-90861
-62421
-80889
43464
-89560
68193
-67461
91417
26792
-69402
-81799
-52982
62305
90062
13486
-75597
57753
-86144
79602
-18059
86663
-62769
77500
-41310
11099
27737
-36529
82807
78089
-48954
51870
31186
2683
-35414
-96204
-3704
-5449
-66991
44510
53670
84163
97879
57396
51547
44331
-34843
60651
-67779
-54468
23501
44504
21870
51056
-54708
-20757
-79328
-3557
-40491
-69054
-4899
86078
97185
-68782
-24570
-37539
62340
91665
-74249
-47320
50277
73752
26668
-55501
-98398
-72822
41055
-28468
-27942
-2518
14333
82600
51987
-93305
-17573
74447
62085
19306
-84491
-35042
17374
-94204
-12601
-92703
-37524
-61856
-68205
24825
-56230
-25367
-82684
-16560
2967
62044
68817
55645
15782
-697
-61579
-33405
5926
5889
78784
-83618
-72232
13816
94514
97357
7427
-64048
12175
-99781
32359
-90425
-46010
-90002
-85883
-3640
6084
76802
32430
-23759
-78205
42009
-36078
-62109
-71596
-61557
-59529
57970
84304
-25464
-8555
52040
-25400
-22400
-35017
87659
7097
93053
32632
50666
55352
-56806
-83757
88533
-16686
-1665
43884
48554
66156
67441
-784
-31417
68986
-8857
72004
-25104
67014
4959
73488
-18620
-87154
74635
78206
-40390
88899
61981
94897
-69308
86798
25846
56137
-56113
69580
-28419
-48252
-34334
91364
29171
-6436
20288
52593
-25320
-25761
-40695
79915
60739
47545
88585
-14462
26164
67356
-5600
-77309
-66124
-28357
4651
92629
-30860
20157
89019
-67917
-76037
-84723
11258
12027
95421
-27151
33679
-48100
-72977
13026
-45228
83160
18866
-85306
88841
-80600
36828
58925
8574
-77394
-68410
9107
45377
-17442
-60369
48784
96455
16392
-2138
73509
-43761
-89000
98797
-43015
694
-99492
-55125
-52773
-9221
33319
-64205
33397
-43374
32341
-16505
80741
-990
-27623
-25019
79860
-60167
-40826
-58839
13741
59542
-70451
-51379
90328
18801
87953
26913
-6454
74251
-54210
62553
-17320
4123
-79240
-81331
-21410
-41481
86207
75132
-53888
47340
-59160
4766
90599
-14599
-96898
92427
-91971
22313
20797
-59130
-90744
-68407
60206
-1677
89088
-33329
-48871
478
5612
-79208
71963
-64853
-94533
78538
32738
-79774
11554
-44845
-12117
-22821
-70598
-30527
43976
44534
15367
46474
-27055
-79531
19106
-97164
12058
32517
82642
8101
-81887
8886
33715
-4809
-45945
47410
29497
-73152
64395
-82606
96435
98864
39539
-77736
-14838
2459
33263
-55427
-39314
29607
40267
46948
49392
-21908
51973
85558
-47042
-46217
88441
-26060
-24595
-10045
40535
48938
-51063
-22698
-10141
-28316
16997
-30528
-13264
-58725
16202
-16644
1878
61058
-92831
-30744
30046
60688
28664
49413
-27547
-22625
-44308
38356
-90332
77490
68040
14911
-68761
-30833
-16097
27987
-58839
-80808
-32924
-86033
-11093
-90990
52918
-66214
-56102
21780
93499
91320
-5584
-56298
83038
55578
-80729
82299
-62656
93202
98761
-65312
59801
-38016
-76070
-67991
-26513
47739
-55371
-51121
-28093
-31617
-41707
-56369
-16173
-11290
32792
87841
-65227
72606
-53760
91207
-17316
-64211
70035
52892
75539
81631
17310
-12483
-13351
79571
-69394
89916
-55321
-96886
76685
-40918
-91877
-86090
25420
80161
-59118
59145
-94114
96862
-4345
89128
97655
61526
-80829
-54999
-41650
-36130
55028
-19932
43944
17608
93850
80379
9039
-54396
-49135
53197
47626
-20025
-27035
-61691
-38976
37286
70638
-51436
-96145
13716
41669
33031
-19031
47683
99878
-12210
15804
39264
-26038
13557
57897
-11099
-28883
-47150
-10465
85463
43160
-14299
61212
-81164
72238
-68345
-90649
42049
56657
-87238
-64384
-54233
-90360
-16085
-49173
-37170
-38007
42942
16345
96122
71028
-57981
97204
-45117
27334
26392
-53722
-44623
53145
38265
-98473
77682
-72370
43452
-65221
84636
-56757
67561
98890
347
-17806
-59048
29774
47064
99969
-72602
-89741
-46402
-21021
-37936
-49112
4172
-56150
96126
90306
-92729
52924
30280
62929
13116
-98326
67664
-85174
22842
60166
16409
-61556
-82892
-15172
94460
53030
7945
-45288
69363
-19889
-48278
22359
-79046
-77587
61201
76022
3051
97584
-34845
18885
37825
81272
53279
29556
19180
-85652
-87610
77103
39415
-17339
-78449
-87885
-79662
31734
-74482
18920
-19843
-37082
80198
-16437
52075
-97267
17829
-6333
17628
35306
-99086
-5716
-91932
49610
-57342
93368
-46533
-64218
-93122
26181
22122
-88993
94496
-52800
72681
-50532
-82443
51206
38717
87966
-21486
420
-85441
30910
74688
75043
20083
90852
391
98971
45616
28310
37058
-57523
30282
-71342
32453
-63813
-86961
73089
-38670
96012
89734
98972
-98814
-2658
-96555
-32553
45327
40615
74609
-89587
-94943
-7707
-13137
85026
87233
97079
79592
86197
-54373
17610
31705
-63553
18026
45932
-12368
-3629
-15312
-79607
89029
-7864
98950
-97136
-55175
76289
-29228
-5892
79529
65586
-45135
-41377
-33608
-91282
26083
41746
79602
84687
65063
-12333
99464
-82448
64772
-81633
1141
-68046
-73587
-36248
-30290
76361
23900
-99783
-59965
77869
-86696
15993
-98737
-36616
7848
-77213
-24841
36892
35023
-67108
-6600
-97956
71272
69085
-54770
68569
66786
-44657
25919
-43283
-20561
28586
-78824
79716
90801
-55459
33053
694
-8088
-74524
-83119
96820
-4047
-68714
-69427
29242
-18732
-88638
-23167
-4735
-50072
-64677
81530
-27630
85783
53820
-49359
-1771
-86423
-91541
-4177
-50080
-41882
-39778
-47920
85274
78017
48295
-59677
60930
-3148
-74452
-77401
80400
-87861
-76369
-26333
91930
14249
38955
27652
-50487
-10083
94390
-73318
9010
-55575
-53086
-99615
27614
82190
-58057
-87224
28569
-34919
29341
35936
-20236
80529
-45798
-50769
75276
-73456
-98494
6109
13608
92492
-24857
4354
-24810
56066
-48405
59478
-82955
-23971
94602
-54807
-77478
88994
16079
-46616
-56176
-68761
-23829
-9240
-6329
54314
-42208
-45568
-69060
59230
-71456
-7617
66389
86819
-949
-64447
-43351
72021
-71512
39026
86850
86241
-54941
-57189
-20396
-52412
-34259
-620
-33619
6060
46002
45325
76589
-74650
49811
98928
8077
39433
14515
-11487
-16186
-9872
-49003
-96769
63909
10319
71932
16660
48261
-19021
-40552
64627
12274
-25464
-92720
-46776
-39390
-60374
-23118
40042
56968
-26625
-34477
-49971
-30001
-63580
6396
-93618
-40608
32971
-85993
-14648
77786
44827
-88219
-7039
1115
-68631
70145
86571
-38374
88073
69223
-59077
-40404
97905
53148
-71308
-6929
-92291
-61349
-85281
-62894
59473
-93362
41618
-47327
78134
88882
78831
15358
19189
-63221
48507
-20256
68771
84551
86976
-12350
20325
-21907
78538
70445
-25670
-47291
64588
12159
53014
13146
42239
52644
65337
-16648
-39164
-5237
-53734
60291
-33337
-3838
-75977
9465
27707
87516
83300
-75132
-65918
-6892
30308
814
70343
-17228
11967
80362
-56394
31261
32937
77867
64088
67652
-79126
49859
30365
82442
50826
-26700
74993
79446
9581
29709
89222
-73954
-186
23873
21140
-60993
-26510
99536
-50467
10695
-61756
6400
25732
-92502
38652
-69662
19474
-80060
91435
-27550
41835
-81128
85301
3831
79501
-99127
9381
-54529
-55454
-36038
-76197
43179
64728
-9397
97550
-41785
14316
17819
25575
-32904
54235
23886
95812
63512
-44850
64312
-62584
-77337
-98088
-7942
-6148
49937
-67334
-96286
-58662
98136
-31459
-53115
22314
4382
52868
-9054
-65011
-1716
76934
12001
35505
19847
24024
42964
79958
37420
-40667
-62415
-2806
2855
-76505
48824
98786
-26953
81491
-5481
-96498
68205
61878
21191
30398
53032
55609
-63688
29905
-95342
-77960
12556
4340
-43236
-95137
-37277
-71949
85220
50352
99462
44626
44126
88655
-50144
20009
-73100
-76687
-45339
92159
41790
-90844
-58740
-27782
10277
-73374
46922
95975
61111
97010
-89372
25507
7826
-19263
-71331
14017
57491
-94087
14566
-99896
74558
-65862
-52901
43225
90674
38673
-69193
95181
-72156
87410
-96198
-75105
-94553
-6296
73931
55145
58780
63750
-35754
-55449
48116
-35264
-33627
-70980
67531
23377
-63446
17404
-98965
3716
12792
77415
-7466
92012
-64601
76948
14515
66749
29548
-33403
-73455
49118
81973
61897
4211
-2405
-66442
-30225
-57689
13045
-87991
28694
-98362
-90390
65398
-26560
46797
-63667
93248
-74623
-1153
-42145
-39609
2815
-24368
-16162
-53470
-86868
-43512
35317
48722
12210
78560
-19633
1305
-45038
-14344
-60335
-78832
-80736
79857
308
55164
-50626
-90814
-95435
-82870
-12331
-53256
73693
-80294
8348
-40410
-46060
-29765
-26646
-64217
81587
-15934
71684
-66951
-47815
-13120
-95803
-48687
87427
29670
8187
-69386
51924
-2393
-82688
-35494
-56273
-69301
94198
-12762
-77445
25244
-19574
-14862
-82504
-71329
-29491
48586
-72634
-93403
-57898
74726
69535
76714
49475
-76932
-22739
-11682
51420
-19666
-78061
84243
-54594
64756
51527
-75346
6448
-42722
-76496
-59491
-85991
11548
77480
-40346
-29179
22600
37444
-59553
-7922
38715
-88622
-69060
96792
-53003
80495
-52086
90103
35889
-23023
26016
-38872
-96919
-80797
-88609
50972
10041
2230
-29610
-34795
-2132
31652
7277
-61291
10270
9305
-78912
-31856
14962
-20888
-21986
-24172
28535
-61046
-61513
98448
-19071
-81693
95638
-8851
-17573
-77375
-83010
80535
-81692
-22131
-31033
-87366
84982
26588
-63698
65101
40944
16393
-45394
-78408
17691
18576
2898
-98635
97332
-30480
-84305
64044
-21238
35398
20322
88138
43386
8369
27346
83731
-47562
55952
44742
77472
86722
-75404
9671
27418
-22865
25549
2957
43565
-17116
27131
-87223
4559
6233
-63422
-70649
-33971
-9204
43650
-30209
-55742
74939
23372
41097
-34616
4369
91679
-13084
-45491
-95126
-40402
85669
-19241
32446
65929
-89645
-67341
-36302
43564
-97478
-51897
-534
-16553
88810
26746
-60547
85980
-47591
43199
65858
86978
-89685
-99500
-55497
-42656
-18763
35596
19265
-72385
16639
-9935
-77069
-41931
69694
-36684
68852
39623
-49091
-25803
-1135
33391
34303
71290
-69626
-97724
-54273
-80951
70228
72493
85418
-95943
-35532
-72743
2688
92941
-43196
62266
-81614
32077
77603
-58957
-7209
39711
-70095
67646
-20949
88102
49245
43946
7660
63217
25545
-3824
74022
-20525
44446
21403
-304
-42505
-11939
-93680
60140
-47400
-16855
-77569
-89985
67374
-38292
54693
78760
60858
-74077
92982
66515
27657
-12965
40084
-4662
-59384
44386
57753
-60160
92554
-81994
34505
55598
-20715
75779
-8932
14479
-66477
58799
-36677
-76390
-92087
-52444
85630
-50776
-68629
25271
-75801
-95662
99234
467
-55047
-25371
77588
-40305
64171
53905
-25104
75600
-88069
-74169
-13417
-385
-7715
-93938
-78783
-60787
53073
-75478
-70640
-63240
-43437
29986
-54659
76530
-94410
-44706
83618
-73758
-3279
87748
-23227
96500
-70605
-4002
-39643
71809
29953
-46477
-29314
6543
93111
-30543
97668
89631
98624
-88196
-82002
-99677
-71276
84852
-62206
-75762
78825
46183
85285
-24524
-84182
81810
20736
-38860
54533
-83841
86045
-55506
54137
-37147
-12301
71842
53225
-85127
81510
54171
-89946
-90039
50409
23714
62967
-34872
-81105
-53856
-62578
-98058
72332
32660
-72016
-10717
-58981
60241
42273
-20500
-26289
87101
30046
-90561
-51507
-44296
86054
98530
-16722
13863
-562
-84478
-55194
-23260
47991
40190
36130
52840
-80173
57811
34341
-29627
59520
9897
-83474
44224
61761
38669
-24247
58026
-65599
-20186
70189
97285
-59902
-22828
-20562
-2533
-39058
-22784
1295
59903
-56622
8413
56080
37132
70056
76241
-97098
-24651
-24964
48813
3226
42280
-63335
49286
54454
-54924
-90645
86236
-14830
15178
7326
39049
26021
38807
32141
22529
98468
-103
-58180
66307
98560
-77026
84316
93396
-19884
-73995
53768
97938
835
-93647
42769
-55736
732
84196
-57646
-54531
-14641
-73776
18925
-97660
50402
164
-19082
-21890
-50357
-44124
27982
-56603
19573
72124
91558
42677
43794
87647
-81504
15556
-23457
25198
-55715
-7123
-91183
-46731
27837
-7462
74484
10751
63852
19148
18481
-98211
-97378
-93025
92428
-30333
561
21872
-5034
1973
3124
-84791
79078
52621
95288
-29714
28313
-9413
-51058
-54887
30659
82360
-75945
88451
85255
-44314
-75220
82538
52234
39077
-8152
23834
47929
-56639
-79772
-10894
34865
52246
-44561
65904
-15263
35424
79976
97494
-18377
-92170
-63396
10595
-64321
44830
33576
-93396
39176
59244
-73826
-68059
-53230
-19677
-12700
-38532
40155
-30417
-4176
4833
40279
-74608
46020
-21563
-55950
49702
-92261
-16615
11148
-66993
54777
35529
86466
-86676
31097
-61730
-7793
-60967
46132
14358
44503
-38463
-77093
86975
58439
-72440
59045
95387
24040
85415
44021
-24951
19314
-95479
-58090
96833
-96777
47339
36901
19767
-48714
10775
60200
44904
-34384
-51737
-54190
279
-44320
29815
68872
-15348
-83933
-37784
-41952
-83888
-12736
20839
-15590
-64736
-73100
-49853
26250
-57684
30488
14060
59758
-86426
97738
61186
76601
57995
-53695
26953
41434
-95046
43952
-13958
-38801
40348
92260
98905
-76106
48839
-79777
-36300
50541
20054
-19206
-99009
58594
81723
69749
-57238
98956
-72389
65855
-43072
80961
34740
-52233
-32867
50719
-41808
95195
22604
40698
63316
53603
17297
-99164
91395
13495
-57771
52160
78885
-26657
-8610
29903
-80541
61975
28648
8870
30615
4967
-54876
12845
34854
20804
75228
-34288
47601
-7099
-92098
-20590
41351
-46737
-10933
5729
89878
59383
84371
-69909
-4106
64286
30775
-97259
-83139
-64707
38056
-83276
63411
-59625
-84662
79364
57020
-36864
96096
49423
-21574
-31878
-48154
45649
-43250
48144
-8565
7193
49228
-81826
-32345
23120
60592
-12880
65253
-49702
11854
43139
-25611
-8589
-41054
-28322
-37957
-64266
81037
-57465
86723
71198
-44788
-5837
43652
-61083
-348
-33248
24791
-8380
-99220
95466
-82387
-12760
-40193
13075
-76824
-22289
-87260
-19391
-2061
-9731
-322
48478
-61979
16186
-7900
90202
58642
-1158
-21579
47504
60472
76469
58814
52770
-16311
-49203
8165
73849
78427
36831
77861
-20659
71235
31518
71361
-76605
-18344
-84000
-51949
-81131
-90802
77935
-23780
1756
94353
39122
1244
91702
-626
-25959
-75130
43009
79656
-83285
-6889
-89223
37742
73423
-91085
72361
10148
-42797
59227
50016
-30645
97452
-54885
-83070
45765
-52794
1787
-75192
-8801
40634
18003
-83065
-70266
-15645
-5853
-88377
86308
97339
56122
-94874
97985
50262
85909
-78517
-44473
72965
2210
-8970
68693
661
-89733
99795
48492
85511
-42190
-72501
25629
-94648
81549
-83131
30656
-45012
-61195
31442
31526
-62427
94139
41531
-69268
-77790
98743
-69509
91723
-78012
32825
42730
-95332
95947
-32818
26862
57613
-68862
94859
12117
58858
58478
-92864
-74428
26500
-39627
-77904
-2948
39686
-29146
44345
-26526
11551
63232
-75524
9256
-97167
-38971
-13554
59743
-55300
-38865
-84578
-28169
49483
-47606
91057
-16453
-62980
11911
60811
39400
-24621
74806
-54227
59656
43887
49844
-89716
48773
-30236
-38653
21035
14324
-22978
-43205
50742
64911
-34454
15722
35504
75420
68738
81950
41163
-4960
61118
-679
69539
32284
-1837
-18360
-17760
81435
-92869
54203
24158
-63265
-89263
32662
14705
65711
88347
-17568
-71339
24014
-52279
-89488
26926
86547
-29330
-45686
-57059
4697
-85455
-75028
45622
42751
40547
43780
-19482
-57689
-29995
-77345
-76213
85925
24672
-8381
11088
9898
46740
4961
76005
3986
16082
-6210
81787
-30699
67972
12782
-37486
49242
-44065
98838
80245
-90660
60630
-46323
13247
11700
1332
-33635
-84454
-8530
20186
-24363
63045
-85411
97862
89650
-93036
51984
48251
-89798
-84416
6422
62148
-56079
9096
23421
-8597
-92565
82253
-53838
2522
-64448
47585
-69124
-28720
26176
-63848
31774
-2395
-53742
72774
-56241
83037
85018
-25121
-21293
46759
97888
84877
30970
-91438
-86226
-24096
-62752
-83464
-24306
88528
-30390
8984
92575
-26402
-35611
70660
7252
-56030
33672
91713
5354
-7638
14901
-88067
80434
84519
96422
25904
38021
-51575
-14216
60331
21732
86899
9024
90248
3609
-43808
77779
-68155
-83359
-76546
-66063
-59788
-30875
-6384
18572
-11020
-29693
-7741
-99244
24352
78089
4353
-18894
83285
-61599
19165
-7812
-9625
-60791
72444
45549
97164
64803
24047
82293
-15551
-28821
93948
-69100
45348
81155
95237
-30584
96849
9867
-78911
3165
10632
-29240
-54365
-61449
67283
87062
-37075
78130
41224
75128
91593
-46784
60886
63014
-34306
68725
-1717
-94914
37215
5992
74476
8802
-67578
-25183
-79502
49900
-47249
-53053
-94993
13707
27981
1559
-73564
84491
-55673
-49252
67764
-3809
-63109
-93776
-22566
24252
95314
86145
-23198
-25552
809
46705
-60354
86842
-82431
42251
-80075
51332
-24462
-56432
32199
86148
11067
30077
59047
-48732
94778
41124
74082
-44879
-26528
72068
-70017
-93589
80323
-80758
29153
-86221
-35994
-85812
-7859
31581
-46377
23234
91277
-93983
47118
38507
82098
60181
39294
-28219
33068
37197
59626
-11037
35150
-55905
73284
61688
34438
-16706
-70837
36781
-45269
45638
74297
66647
87876
-31525
-7947
97908
2792
-63358
38092
56676
-986
98412
-39713
16705
-55333
-26855
7742
-33495
78040
69825
90414
-61139
80913
30526
67598
3958
75544
16350
62931
17195
37593
71108
33487
-32935
-77029
-36607
38945
96488
-36613
-80211
60378
-71218
95530
5139
-9284
96561
31932
-48476
16618
62650
40954
29603
32557
4990
31066
-1763
-8411
88043
74928
-83601
45121
-2349
-80722
-8352
-94118
17556
-26851
-68489
-17628
-51836
40540
-81927
662
-49719
38380
54292
88664
-61194
40395
2098
47753
78964
49636
-83763
27332
552
-74976
25589
20709
29519
50595
28474
-13508
-58074
15844
-31778
23168
26694
10352
-43713
30157
-45688
96532
48706
3048
-41684
98224
-61847
-99920
-83127
74863
-10856
92552
73886
-15440
-49370
-17673
50874
-77653
-92013
-59934
-63617
21618
-42945
33026
78239
-55213
37356
89137
-31886
-59117
28803
-69441
88794
39434
-98870
64908
76094
-91279
-60676
-77883
70908
59901
-24630
-76456
48933
-21425
73675
75300
-96778
-10929
3298
-20900
-85301
-20746
-81753
4355
-37249
82754
74596
20343
-80425
-65925
-5514
81161
91102
-5167
-21085
76663
28076
-17659
-7426
-36379
63539
38254
30557
66422
4144
-65844
-44058
-46342
-89370
21369
-50540
55392
80345
-47838
76198
-76887
-91097
53579
28103
-50875
91285
-95913
-83989
-3818
-18258
12576
8392
41827
9232
-54298
56116
66561
-27968
-92694
-11572
17781
-77402
-79615
97411
93246
-55074
-25224
21591
86783
-38514
-80610
-51174
2692
20137
41513
-17502
-63862
-24530
-92512
-10405
74385
-86155
947
-57197
66915
22553
-27671
-10588
-20426
54795
-88826
-60307
-26937
-67422
-60748
-26015
24944
50236
-69903
-58556
44692
74778
-65906
-2095
83274
-2470
-57340
-47830
6387
3495
-33486
37894
90636
44277
-26759
88602
-16093
-91813
81724
-30710
59836
73236
50633
-46571
93637
63867
-10032
16481
-62997
4118
18358
73270
63146
-18455
7050
91740
35405
-73755
74520
-98427
66278
11731
-78438
18799
-75870
-64442
40595
67110
33488
-2081
36708
-53482
-46404
-91219
-73734
-1883
-48689
58067
-55555
-82322
58676
56897
-97129
66016
44607
22198
-8923
60871
37547
6775
-874
41720
-89701
-64572
55350
51447
-65326
-430
-17305
-44935
85650
45063
-70291
-19841
-81648
-61905
-38858
84979
23550
-974
-95696
-16712
87607
-22608
-82471
55828
86677
10760
95759
17983
37885
20155
59079
-95524
-59187
34015
-54870
37544
-72826
-94319
-51113
84577
-66573
-57787
-48551
-59777
-17911
95535
-5929
-19007
-54545
-56849
-57803
-49691
-75468
-18839
25687
62524
-14538
-44824
171
-77672
5150
-45992
-77956
11449
-86248
-67185
-44967
-21615
33763
-81991
46580
54445
59344
-81795
-29395
-45285
41878
-1773
71340
73020
12555
-55197
27552
8706
-22775
-88264
-41832
-96011
-881
-90868
68217
68952
68840
-46949
-62960
-87944
36969
-67956
47060
25184
39168
-3142
87929
58478
-76369
-89693
-67222
-23110
48111
-54659
-59962
71621
92891
78157
85460
-33571
-47788
49129
97982
87229
1907
-27367
-13099
4963
7402
85847
-48268
-96006
937
-12962
-67775
-24763
83888
59645
-52495
-92844
-35580
29772
-2693
62225
-75728
-13870
-38180
86081
84971
94567
57317
73768
-87448
-89035
83482
-78004
48496
-8314
-96127
-22892
6683
48104
-95182
-88369
56434
66046
63569
56909
34174
-90198
-30961
-80214
-20460
90198
-78159
-76284
-61636
37108
55377
94061
-69948
-57789
-53871
-54320
-22208
-13958
-37870
74237
31369
-91836
53102
98300
7625
-9220
19055
92718
56638
62668
-31126
-40821
22471
-93205
78360
83876
91888
54435
94603
-90794
9386
-68303
31678
49282
12033
-89720
26922
-35426
93997
32145
92524
77190
26350
-27895
-95570
-20001
-69218
-90876
-99764
-76135
-63167
-34522
-45524
88418
58141
-54266
-64671
-3285
95668
15473
-48868
92719
27684
96710
-85518
4171
40687
-98939
-51835
14067
-85290
79702
59120
73625
85581
12109
11398
-74067
-84273
83104
-37523
74647
-65265
54143
-45340
-71944
-23922
-20513
62143
53154
-26867
-92639
39188
3996
9075
24629
99513
12813
-24869
97259
-52226
-76207
-5835
29827
-36287
22011
97105
-6426
-42241
-40714
91790
-61592
-1606
89173
19027
-78962
-24766
-97358
-14038
49519
-29783
-53171
-6098
-17485
85944
-42960
-23658
-51748
-12187
49958
98658
17680
45153
-19396
-32071
-33372
47428
-66960
-58090
22811
82663
38980
-18721
81923
53083
-61476
71015
38481
-46852
-80810
19476
-56863
-29566
-71682
-41005
79402
-39346
-34183
-34160
45685
62063
-95737
-55146
-91935
-56173
-76914
-4705
79401
-69106
-42031
47585
52437
2743
85016
31341
-64694
-47942
43518
-1492
-7717
-72780
97803
-83439
23656
-91577
99489
82925
-86974
-51315
22920
43931
13033
-32364
66005
-23625
-22483
-44972
-57372
-21738
-23775
-31485
62635
-63721
-94066
-68488
86574
39883
-96127
-1384
-35697
-82915
-79812
29257
-61451
-172
6152
-29059
60649
-45084
-12856
-60074
4572
-96459
-85693
39987
-48206
66512
34129
-52395
89143
20421
37208
-39201
-81847
-96154
6158
-97393
28107
12906
78070
34540
88141
-96441
-27981
88930
-69010
-49196
-44847
-40691
44359
60358
42233
19528
-27707
-48752
-39737
-40360
-21860
-22823
54612
72169
-13828
70824
-74625
62831
-57398
10395
26940
76621
50698
58279
69823
-4568
-67232
-12752
84129
-21414
-55963
-7822
-83055
-9010
3471
45583
-82360
-39781
-12175
-81694
-1283
-70501
85599
-45460
-97476
-19514
-21789
-73398
-64900
12474
-30952
-80511
-2392
59131
-64016
31304
21682
-45171
44471
-14105
-94867
55168
48279
28228
-9331
60786
28876
-63794
53076
-94873
-82438
-80475
-48777
27201
-4604
-38665
-56240
75824
98275
16341
-6465
-54605
-41475
-6019
-85041
-51360
15097
39461
56711
61699
65037
90903
-91897
-46390
-5260
63866
14362
65763
-72964
91038
66286
-24833
97899
81731
-69476
24436
-71565
61656
-74054
77956
74035
-92087
-69256
94507
-7534
-27094
87445
66398
96459
-84995
10286
-78491
-81075
349
55182
43795
2750
76039
93850
-26616
62241
-24402
-51822
-30653
-38980
-99965
98064
78208
-6902
70916
-58642
-17433
37045
-89387
93390
52149
91247
-94890
93748
8152
41033
14440
39342
-1841
53207
-99821
-74212
-71067
44703
-81357
-45057
-6946
-80683
-75051
46968
-89755
-73740
-91419
99237
-33306
80330
94468
44351
-87673
-7550
-46278
6400
84884
7924
42904
-68533
31042
-37078
-6017
-97725
81019
-29895
94748
-65074
21000
13528
73432
-39528
-12464
80714
-81832
43252
52420
27678
34893
-29159
-18026
71517
10537
-62073
-8440
26942
22459
-72368
46954
-9081
36306
69229
29619
-54247
-67194
99648
79489
-97283
-60660
67375
-87837
31279
-65480
-33116
-47805
-35523
-58173
50026
393
-4105
66371
421
28733
-75956
-78024
14176
-91241
-31966
-86422
64365
67721
67886
37494
50920
-94299
-65308
-66963
-67879
57719
-88540
67586
-85447
-26581
-51068
78466
-98379
37018
-60662
38312
11059
52057
4733
-81369
-72636
60638
-13657
-42171
-37544
12970
29578
-68994
-35093
98683
-54767
-56378
-65359
65689
1095
44675
58128
18311
-23602
85875
-92063
50632
29699
-29207
54425
-58201
-11849
27497
7291
53600
1300
-34111
58091
-85908
2969
-89000
77541
-54340
98669
-25515
92743
-63609
97856
-56493
-7625
-71748
57666
32274
-86135
43637
-79788
74899
-89263
27312
-9759
18272
74488
61069
-23194
539
41455
71401
-45004
-34835
52241
2148
-26674
-84122
-8057
-2921
-44099
-13178
-94800
-44701
-46236
-22470
36522
-54735
79424
16998
7425
-42200
-58468
-56907
-32039
-22146
-69809
-47725
19519
94013
23733
58857
89815
-28896
9739
67802
76051
92500
96552
-24202
79573
-80826
89471
-74784
96509
66101
44862
86445
-25732
56611
24620
85738
80599
12840
-3772
29747
-57191
39242
-1290
92558
-45942
71925
62621
-26255
-8977
50599
90336
-12152
72996
-54311
-99776
61318
-35780
-40287
14500
88428
61567
57336
5910
-73472
19312
-11315
14458
-50129
-46073
65386
35330
-78669
8895
21657
89545
-61299
-23357
85415
-86782
70902
-29504
92514
-80048
-55601
98929
28864
98567
23312
-45917
-56124
-99337
67576
20484
-78302
13678
-80069
-68492
-49836
-93831
-86106
62157
69169
92937
18898
47799
2784
-15486
90507
66153
-96557
-91170
15924
82797
95179
80660
-59374
-43837
-32960
-2600
52818
7000
4928
-49315
2176
-8606
43952
16797
47985
77977
9748
2763
-95630
80287
46221
-47928
-80383
83801
70227
-13461
-88109
-53789
82790
8365
30885
-72126
-77952
-85061
-70426
97703
-3158
93058
-98239
63842
44768
54647
91917
24964
-72466
-15525
79753
7827
-56972
6463
9322
-38046
98666
58121
16332
-46329
9687
-30066
-99923
-33937
-82643
93984
-13469
-57335
-29163
-29995
-49211
11756
-55928
-75152
16789
93607
62221
95336
-91450
-26718
45426
79381
-5871
-6273
-14159
74000
25984
61470
-6418
15991
-63929
-28855
-58339
-78251
-65524
-5013
-4564
61719
13706
12571
-5312
54811
-45616
26984
79083
-39274
7352
-27440
50619
-67710
-58019
-25921
12174
-22877
67843
-25281
91802
-32667
-37577
-9216
74719
93416
-95029
84924
92310
-27672
-223
-65474
50785
-76485
-78591
91680
79151
82801
74178
-14576
48328
-88365
-32576
-34051
-44370
-30412
3449
26159
44878
-36033
-94514
59563
36098
-4316
-51890
-66234
26246
26845
33989
1875
-54060
-90594
-2037
4926
76190
-89903
-86408
95065
32833
65224
-32682
-38124
-39464
-59548
-3108
-22695
59950
76657
59012
59935
-9372
63079
46794
18618
35742
63298
-33292
42387
-96259
-83287
23511
-83985
-5836
30263
-10791
-3439
-10412
-13650
92662
-25210
93807
10227
-97617
77699
70331
75941
17572
64903
-77998
-69535
-70599
-49064
-23870
-51660
-42103
93469
-88256
54111
75063
-4620
36018
24675
40044
51899
-67585
-36896
-11048
-10640
-47840
82238
-58807
-68570
84565
36170
94809
98380
759
933
32350
91001
-36844
-19222
23768
-25293
-39098
61647
6568
-21379
-92139
1333
57169
36733
-14910
8564
-24479
-96979
38558
-97766
-13890
28488
99794
-40103
63915
-83285
-23306
-22299
-49858
66102
57823
-17368
78242
85843
-39112
-84805
-99870
-58624
-19003
-99919
-99508
440
-85480
12037
86910
-6781
-25516
99466
-73448
67479
79429
-31361
-48227
-8379
-95709
-41026
-25762
65346
-5269
-42162
-38168
1455
34227
-31147
32640
-40870
88316
-1132
-25838
58508
-14234
-61281
-88828
-93899
91839
74406
-99654
53597
-50814
26355
92020
-64151
35549
-63377
-91973
97838
95122
76524
-99698
-55668
-50999
-77195
30667
64311
-41236
-7366
36490
-54969
14639
-92108
3663
3898
-71630
-7173
-8880
23345
-2361
81198
16006
-9918
-21125
-17629
-96606
30202
31813
88384
-99743
-34090
-774
48310
40660
97263
95105
42073
42804
71852
-66701
-92105
13342
17232
-15539
-73435
-25759
48232
95106
65946
73487
-47122
-83701
-90056
-47807
58082
-62401
52456
37597
96641
-94794
-65541
-25648
11833
35060
17636
-42906
77717
-69264
-17357
-6911
85557
-18256
-24665
75430
-35633
-68129
65242
98965
35791
-32397
39907
-69860
-19247
46134
76064
-6509
-1464
4850
-80110
94914
-90105
36538
-32245
142
81428
20015
39463
88400
85188
-22072
-57460
-84925
-30277
-7626
-61029
-69983
-46479
36537
-38120
-38986
-9194
-61005
94016
11622
-41222
-87220
-57731
70832
86988
-54460
-12381
-91634
-68010
8062
71191
-29350
36445
-15980
-86771
-97448
41414
-36142
-14988
-64412
-92601
90913
66236
82966
42775
55032
-70392
25213
-41481
73636
43508
26966
42214
-20271
86407
29831
-78762
-60888
-71602
21433
45486
-88500
-77588
20998
99553
-60427
-85109
-1472
-32062
-73926
73106
55985
68728
-98208
-46682
-15927
21449
-39843
-64817
-73722
-86850
-60821
-51196
-80698
33758
6498
-93662
-13015
4271
74999
-80119
18835
-81885
-82101
-73087
-8844
36785
5032
-41340
70331
-97499
-61431
51969
-27281
24517
86905
72825
79836
50945
-18850
22052
-9526
-41239
-84350
96442
-38763
-90459
-32203
-14841
-27082
-23087
63181
-67123
44554
52415
1124
-52363
84484
-71191
3272
-71665
31665
24159
-21408
-15907
-65263
-73701
61665
23468
22036
67517
88131
36185
-10777
-61881
-85457
-38885
40045
61940
-66911
-93396
51952
-62703
58856
4733
28488
55440
-14006
42806
-2097
67213
-382
54374
53434
-23548
-7511
-41865
92540
58690
24402
-57174
-28479
7658
51940
-45881
-41721
8620
547
-40895
77665
-95473
-91966
-23232
-61376
45861
-67824
66413
44049
-94337
6589
44448
13994
82785
40858
-78635
-65204
25736
3880
91713
12370
18166
77629
25585
-25922
-619
79784
22434
15627
-47541
-48484
-36810
-54190
94242
90755
47356
-81877
-68950
-25627
31522
41586
22007
41735
-31382
68986
-62806
-99804
80495
-55697
-29544
36936
-61947
53697
-91337
8478
62220
64757
-81467
-50547
63169
-93778
-58498
-23620
89493
85598
94811
11492
16041
40116
-78750
-47177
55371
-46016
65487
-66128
-32022
-25919
927
-66985
-31533
-21965
7480
-25964
-23713
-95168
87287
95991
-52548
93675
-90508
17188
6851
52872
13830
-71351
-33352
-9039
85388
-18679
-38792
-71396
-9299
-37995
8263
34723
-90178
10413
-96176
72317
66023
20382
-10577
84164
-5225
68427
11070
-13047
67910
-75481
97573
-59238
27274
34012
-62746
-66119
94456
70090
-30306
73672
24397
-67460
18349
-67160
57805
59377
37602
-81598
65407
-37137
-94923
23879
45915
39436
-80025
-26936
-38974
-53806
-34814
-67963
49263
5824
-16747
44365
-19191
6796
66512
23715
35671
30991
98525
-48364
-40230
79241
-41550
-96098
30659
24255
-26453
43651
6810
-32923
77826
15195
46843
59654
-24799
-84877
4456
-67987
16311
94688
64079
59617
-80369
-57630
-85802
89564
24197
55820
28732
68522
-77068
-62667
34310
-76884
88127
-38893
-8379
-54674
76694
98359
-74922
-53082
69452
-39068
11647
71085
-43483
7801
64081
-92600
-59402
-10892
-77722
57484
-72140
-38163
-80518
79483
-21300
64599
-37557
-23810
-64604
-83590
49231
-3970
-74350
-51834
-88084
67700
-38816
-87084
52551
33558
-28806
-25837
-37764
13981
-77957
99030
48224
-40627
61765
11131
-57041
74190
-98966
-79890
15535
70512
60226
-54225
3658
46173
69828
23821
57301
-89627
-56981
-95158
-11290
-69240
68633
-75700
-20028
85010
82917
34180
40448
9272
82074
29741
-76039
-62086
90148
50135
-41284
-56043
-12638
18384
-12324
-15909
45461
66738
64913
-64363
-16247
66481
68197
24049
-59892
14330
-2846
68303
26333
40044
66549
-29059
37951
-90340
22463
-19791
-53421
45555
-51662
-95403
49842
31250
-94592
99591
-83365
20811
15817
71014
-31089
56575
-72236
92271
63427
60528
-11125
2910
14395
-31773
-74883
96082
67094
57428
-57385
-76045
-82402
48353
11700
-86740
91671
-38050
-80319
86485
1079
32578
-41501
-80568
-46484
-28122
95167
86219
-5184
44392
-89837
5437
-62551
-69342
-96015
27629
43833
10460
-51398
-48990
-80170
-52003
15081
70532
82611
-43592
9707
-46201
-13668
-10068
-63794
74965
-85454
-21717
-88057
-48473
-62942
23250
17006
79034
89161
-75422
27659
51729
-61156
96994
88825
97083
50127
-45921
-91257
35386
-8779
73209
-59669
-68384
-80923
-44569
52206
-71266
-99330
93160
-87051
2684
72725
93900
-76059
97154
52384
38554
-87503
-34567
23746
27179
8742
68338
-59330
70783
-3777
57848
-93543
-14581
-72566
78940
94479
96632
-41114
24260
88289
-96992
-39271
22628
50420
-6084
-69304
11810
18483
-75042
95056
-20447
15608
45354
97036
91625
80189
-11428
29522
-66705
-34601
45279
-1674
73033
51133
-17816
98656
66052
93428
-57741
9295
-52100
-78096
-77894
57618
24342
-61692
51395
97599
23943
-2258
6301
-96864
-20399
-3666
-22714
21028
22001
96577
20209
-42802
-77202
-99890
-40148
51595
-29937
64355
60090
87492
74746
-52056
47225
38169
83897
-95488
-51305
89318
-34426
-7829
65483
69380
-42876
87569
-96939
-149
33920
43126
-63989
-91573
21556
7670
99627
-28747
33000
-30612
-12751
29947
2743
95348
54433
-57125
46897
-29885
89202
-80880
-51145
40849
21254
3518
26522
70624
-2454
-63318
-85291
306
-34975
-19487
-39489
-37368
-11160
11608
-75440
64356
55562
-82156
30864
-61592
79432
-37260
-36253
4425
29934
36649
-80179
39929
37923
-44355
-26019
-63729
77755
-43461
-11950
-2823
-31579
-24046
-2385
24163
-55418
16069
-45582
-60305
54309
74067
75993
85234
-48792
54295
-52222
-58677
31681
-51645
-11972
-73893
9565
-41045
87132
-39233
66810
79440
48994
-30186
53981
-10015
68513
-75914
-2816
-82067
21015
-41178
36568
30296
59901
-74777
15122
11725
-44241
-78954
-49854
48394
93749
33271
-74643
9772
-51855
-61524
97388
-83981
-46883
-57026
-80756
4458
-37469
67943
-34498
26974
7528
48754
11269
-83667
29282
-35051
53269
2979
-72577
-73088
-97224
42716
-38521
48127
76519
-5472
-70249
-83698
-38644
-36608
-84923
-55182
-38564
44680
2519
-22028
5094
-40195
-34026
48295
-89840
90221
31156
14228
73598
25604
-56065
-56079
-5354
10085
-70214
-6859
6396
-94639
-64733
-10572
6118
-87628
-57931
16451
96549
-38609
58414
44152
-40841
-90781
-70726
10179
-79854
-94110
-5997
4113
-67907
12753
97969
-42713
-76217
51779
63629
38488
32622
-6411
-69356
-51980
-7682
-84099
13524
-5989
-98079
-88684
-41054
24149
-26013
-64039
79876
57727
19923
-81713
6248
20623
54075
-8763
-60576
-26749
54598
-66972
82909
91851
41850
-28425
47907
17687
-87325
-87346
4542
43252
-34945
-63594
-83564
-25418
52225
-58132
79238
57831
89284
40075
-63183
-29772
86026
51214
92392
21428
22463
-50477
68478
92192
67592
16931
69187
49237
94542
-46870
97273
99322
41373
-27974
2015
-23557
-28805
-75343
-45369
-53404
45357
51697
-18285
98409
-32158
68323
12028
-26069
-95665
-49663
82391
-43883
81473
-1319
-52174
75876
-87631
-45967
-83755
-58767
79202
-40572
-28196
-61630
95112
57714
-78752
-91542
82022
-48235
76207
13569
-57538
97785
61256
61285
-98880
55191
-26093
52817
33653
-34474
65640
-26878
29602
87106
-56838
45437
96589
-67504
93405
-94881
97783
46217
19533
92177
-15458
83386
-3156
-9056
91264
49941
49187
-32146
87997
11694
-45670
96480
-80044
8743
-1147
-182
-99717
-83050
49089
83772
70914
-26908
-4381
17306
95867
30893
-22977
85013
-91000
35525
96321
-30768
-28158
-45154
-63313
98676
30625
19357
4216
9007
137
74074
-8521
-16673
7756
-28389
59389
56927
-57566
35886
-6845
65459
-50361
-422
-76126
28543
66499
75529
37761
85611
-47107
-66
51358
-56294
90979
-28293
85162
16335
88808
57582
-81727
74809
-49623
-6789
47373
-63260
10321
77229
65529
68699
90562
20405
-69166
44398
29824
11114
-91969
-94634
-16303
-3905
-96344
44196
65736
-17573
45238
-59820
96122
-67587
-42265
5373
-81157
96860
-61562
-18753
-26510
-46607
67828
-42810
93887
-13371
-47839
-95403
91158
-43960
51572
93014
40356
89636
2164
57424
-29600
49931
-57018
-96637
88401
97940
-21576
64195
-81403
-12639
93334
85017
52622
48640
73296
-94596
-24007
-21397
81310
-96433
-18549
-83714
10448
-85410
-74824
98821
-16342
-46483
-56587
-29428
61036
-85583
98545
20618
-71358
-89707
51283
-88541
-68426
-36719
-96149
90404
98658
50381
74051
6553
-95087
-36718
24511
38053
-35786
16885
95861
94885
80608
232
-90689
-29590
99693
-20166
43004
17400
32285
-91099
-44611
-60613
76418
-4926
-7378
8484
49313
82896
-75039
45264
-23787
82694
-76040
2504
-2031
-78225
62844
-78801
-73598
-66392
-88749
-6863
-79050
-61825
-9841
-47924
-88099
66543
-14116
36428
-16084
-57106
-3343
-38915
-14028
-66330
38448
-31932
-6634
-59608
79447
-33614
-2233
4180
64450
55109
65601
91001
59089
37206
92081
70690
64267
-75200
37009
21917
41825
76505
-87922
39974
35031
-80544
56258
-51970
28297
77584
-60814
65255
56393
-3142
-78410
-14109
-3309
-38398
-41723
-69042
76888
-7822
-68907
-27652
14292
43406
-17393
48846
-84373
-54669
8961
-48230
78975
-15206
-99651
59390
56669
62637
61790
10494
24470
-74707
-38802
6534
14225
44387
-13991
62708
-73840
-54702
-61596
-27594
66928
70563
79203
-88929
-322
-8477
-99168
-48794
85963
15462
-77005
36797
-44253
89370
90557
-85535
31176
-78989
-10880
90119
-68667
81514
-12627
44537
-75491
-76612
60259
66636
19685
-13894
-92333
-9032
-54573
42145
51238
-63129
-83893
41343
32663
74384
44603
91341
82968
38923
28982
35091
72343
-36565
2712
-48771
-30516
67299
80413
11392
82682
7785
-144
48217
22394
-55308
38580
9416
-31834
2742
-56586
383
-70376
-63621
-18623
-5326
98968
61641
66934
-25202
-19664
74159
-98414
30535
38211
-33736
56691
62537
-55079
-83209
81369
92843
-6742
36727
76496
37346
45289
-59976
63117
-83795
-88591
90542
-3274
-9880
3504
8702
56887
63891
40445
71119
-73089
-28656
45974
-80018
35161
33255
19720
-27292
52793
-14959
59900
46839
2223
22187
34350
-96590
71946
42911
-54121
31032
72994
-53422
2739
-60432
6665
-51322
27964
88046
-10525
-26436
13974
-37574
16395
-36353
-87642
-62508
70618
-52193
-17288
-67581
-86581
1217
57076
-16605
3357
99719
-66447
-87658
75446
-13073
71230
-52866
46611
91697
-41523
52443
-49376
-22782
-83633
-17386
28419
26359
-92000
-33490
-41281
62450
70994
-99624
25712
93331
77880
54929
-84956
86821
-15642
-17847
-73903
73847
6163
-22921
-55371
-73323
-95595
91310
-73563
88744
64912
-92113
-89406
-88841
-91025
-62257
-57594
-54360
-9343
-32468
-21762
61678
-96124
16529
-72193
-40728
-98901
9765
-54567
-33364
60237
95273
-21847
-47979
82661
64071
13721
-10597
-61998
-43562
-70322
43769
-25780
63859
-79330
21644
-1448
-500
-14026
-65856
-42944
-51490
39584
-33638
-26026
82285
85305
15153
48281
-39112
-37127
69961
29825
91214
23766
-14838
16182
-33430
14232
-88774
5656
-79912
-10529
8446
48953
-47485
91274
-11078
-76820
-50123
-94361
-87478
-91315
24681
-64546
64025
-43168
-12978
12017
41852
16042
-62891
-33989
28758
-76664
-17659
-2450
-61513
-26576
-94877
24807
68912
-38825
9953
-48613
6920
15438
22534
33331
-7574
-19794
-98997
-85617
50533
42527
-14177
23310
81258
66591
-40796
37627
-33677
61198
72303
48098
-28655
-92886
-86533
-41053
1886
-7660
-53511
-72749
45138
-1903
5320
94186
85404
-95657
-48048
-10960
-32577
36129
-87023
-70446
-92913
39343
42533
14871
-31882
92527
48292
74200
9148
-3669
-18892
-91761
41373
41475
-38940
-6817
506
65955
-6194
62584
19128
-4446
-31232
68339
13415
-19431
1300
-880
1399
19753
-35768
-41742
17068
4468
-62390
-97566
-45461
-59744
95970
-93953
-87138
-82921
-49017
-75178
72873
51811
-83241
-38476
-65159
54817
32927
69216
-42159
11928
88232
28355
54818
-4857
98893
-36075
99777
-76865
33453
47770
-94257
66836
79045
-49015
47739
-40650
-48434
-89627
58702
-53621
-41192
-62469
-86650
-88743
49971
-34884
43539
-66977
-38350
55848
70501
-17348
-76935
76763
96142
-2205
38421
18953
-18926
98184
-18940
-62118
-28987
-88691
81049
-18114
-97451
5369
81331
20213
-11176
92196
-82035
93416
-89922
-55730
-32611
15106
77226
39660
-60466
-7842
-41581
-55198
84730
31427
81595
-571
38009
-38237
-10443
-23430
-62795
2941
-23519
34245
-56498
70148
-3913
-79614
97767
-52136
12449
-26999
80688
86217
20596
61352
17908
46501
2429
-89081
-57274
8826
-13437
-88041
14975
-13626
-4770
-93109
-62839
46560
81511
77413
-98558
73685
-16576
-2531
-88853
-2718
79934
-39909
93002
31199
-57779
-71439
57796
11625
68810
-42696
33520
61242
-29432
48269
48577
70680
-92845
3942
-9510
24133
-77430
36094
-74480
5476
65221
78771
89577
88973
75908
-52744
6457
-36773
-37135
-21039
44207
-73396
-5289
6971
-99341
59143
-78224
-82090
33576
-665
36957
11540
79757
-80667
-70894
-49039
-28606
93427
-26209
-69232
35085
13577
-37807
-85475
-56490
59654
-79770
-24559
1888
33004
53737
-32573
90063
21560
-40017
-96617
-43496
-57313
-13498
11955
54182
54279
12237
-16587
-71175
48859
92655
69880
64666
71562
29811
-73285
-83773
86975
-58656
-26745
3037
-58994
96323
-75316
64352
40570
-52339
-61890
93135
16943
-85882
-67302
86155
-39463
3107
-93305
-15693
75742
4745
-32049
9594
-67664
-22769
64258
9951
-24217
-65967
58767
-99676
17797
-43552
63991
-56352
-34038
-77221
73423
5721
-10482
74958
25135
-68873
-7882
-67692
15982
-75491
37940
-77934
-15207
29309
-7908
-57481
57575
62595
-44637
48113
39384
-46022
-63575
22619
-13801
-64345
-3525
99062
-92299
-90922
11135
-20373
13035
29548
11864
-52744
-6307
-81177
41039
-40026
98960
37666
-72681
-45073
9057
67030
-20222
20238
6570
75571
21243
56814
-21354
-34506
-80882
-50364
74073
39175
-96647
82010
-25575
17540
21526
-12320
-24295
56241
-1037
57152
-64100
-96842
62575
90323
60318
92835
-93657
-14994
81420
4092
62114
1451
-60888
-52335
-14631
-68831
76457
40807
93647
32189
90126
19829
-10153
32787
11165
-94640
49374
78016
-39185
11262
-10587
-7513
93635
1510
24553
11053
-58261
-71720
13996
-94301
96221
24522
75848
64128
37177
91516
47568
86006
-70423
-76036
34523
-5288
-3763
-60229
-53855
-43908
20941
55205
-94444
98099
-18175
83388
41190
-18113
90571
95200
39745
-92495
98435
-94866
20559
-67344
-13037
-79367
-77277
514
-33184
20124
-10912
97907
-85949
-96420
13918
17662
7790
-79005
52597
-97329
12018
34837
10295
33811
-91517
97663
54711
-34595
-49950
37582
-4544
-8282
93115
-5255
40808
-14801
-884
-34237
44931
-3432
1898
-28144
22444
94210
98277
-95514
36914
-56390
59508
72156
-10665
53143
-28087
54623
85013
-41913
22514
-90887
-29325
-17296
-59345
-87222
16546
58286
-85503
55912
-5727
26256
83941
-12555
77341
42929
42314
1521
-7306
-33475
68557
-5832
-81395
-54226
-62140
94690
-71186
85918
-69810
-40102
-87739
-82142
-49883
85117
43871
24318
-35306
70875
-59732
85350
94766
-63399
8284
85745
-45974
-81235
39038
-77012
71259
13109
27573
-2858
-28046
59220
-53748
-57693
-88933
89265
-53216
28548
36010
-9000
30520
3864
45510
66075
71446
-23299
87119
19931
86386
36429
87832
37036
54622
35995
-17530
-34637
9577
-24542
76863
5135
82679
-16107
-13044
19880
-16148
33030
35029
93344
-24498
72426
4013
-23349
-99195
-78602
-71935
26722
47866
47976
-20785
-34541
-19365
60844
11678
81065
-2186
-10143
-19908
56583
-20288
-62558
48388
45465
-12485
-55252
-37728
-29348
-62041
-30535
-39150
23556
-37529
-42260
98878
-96206
13650
-58216
73407
-1548
-39445
-9434
-84878
10857
-50823
85109
-48197
63926
-55031
71197
78806
-73494
93716
-68991
-50368
9415
-45983
-27103
-69115
-6242
-8355
88459
-84179
31924
-21137
61988
-68649
-59061
-76380
5364
-87847
-45952
3465
-72994
52490
-14985
-81555
-8599
69386
82596
-23823
67777
-84311
-34746
81834
15994
58571
76010
21038
88442
-52619
33586
-29135
-2378
50480
-53989
73883
16066
-78111
16408
-18911
-78761
-86823
27160
-40178
27313
60500
32424
-10189
-85876
-56256
2130
-613
-92773
-87808
-42690
-55643
62123
-52155
89456
-15619
14820
-84579
76663
10631
96287
-19655
29076
-19685
67644
1052
-7341
4760
-66294
46106
57272
-23850
51752
78674
-24084
27135
45208
84767
61974
-53066
-77708
-31179
62563
72079
53703
-31898
-79817
67475
73156
71885
46731
-39192
-5320
92421
5057
20271
-6509
60436
36847
-17406
83349
90522
90791
-92811
36902
-8635
79839
31126
-79914
-7604
13071
88890
10815
34121
19536
66208
-64748
-18132
-9471
-83096
93666
-7599
32409
7507
-28461
64039
96903
23677
19691
70280
18118
-24393
-32391
7689
24478
40122
-32087
-24894
-86789
-22261
-79393
33613
-98504
-30863
-40280
38876
47704
-25901
-97715
-15273
-32501
-52850
-86965
30525
8822
4236
-37115
94794
49821
30993
9626
78563
-92529
80005
-69348
-72407
-77149
-38027
80761
80809
-12715
60320
-48982
-36425
11576
47065
86969
29607
-95857
-39265
-44661
54209
49661
78326
30282
-43572
21785
20836
46462
23747
-19334
13678
-75988
-78062
-97500
-25758
5750
-9338
7779
-87260
15018
-68717
55925
71457
-86667
-62253
84709
-28869
79602
86217
52921
70715
-34587
-25651
-57545
2439
-66704
23298
87957
48774
-48996
-944
-85961
-99732
35233
-38995
57391
86452
-73452
82014
45625
-30705
86716
57204
105
-46504
86588
98979
78608
8694
-20715
28210
5258
-98772
-70677
-58261
37669
-28939
46909
62870
87916
-60028
-17346
41636
45609
91916
24816
17087
-29436
41508
-89339
29613
-11922
-8284
-27837
-16379
17825
12422
21085
-17790
-27637
55356
8845
27052
-10913
57432
-57660
74783
46391
79935
1828
-39766
87325
-2198
49681
51399
64272
-67903
55060
21297
22055
-65713
38883
59543
92877
-56246
73835
-25828
14262
72817
-49951
-57233
94609
37116
60787
-74100
26293
-41853
-87406
-31948
-41093
-89331
18531
84113
-27772
-67424
-58205
-48824
91667
45671
-6124
-35589
-36221
59674
-88692
45001
-19950
18836
-96593
-241
60254
-73190
53464
91064
-8321
28772
-27347
-8612
-79964
-442
61841
-75890
-4327
-6699
32299
80258
-56029
45658
50896
44975
-53067
-41581
-58400
-35532
98160
-50205
67631
79088
30069
41430
-89918
86652
39776
80917
98464
35653
85908
51040
-17133
22843
6823
-25228
-6490
-8867
-75724
-82447
26762
-68617
92484
-22636
88099
62461
60221
49368
-31169
9222
56259
88655
-7649
71817
76162
74896
-21719
28818
-99028
48861
34467
61631
3621
-36625
63562
36028
-58167
37884
20785
52808
-30134
-44646
71518
-23189
-16856
94200
82157
16485
-65778
70070
-63086
30027
99069
-55658
-73898
-2107
11277
61236
-65670
-16026
-14656
55460
83837
69869
-50611
-44206
-7019
-7499
73724
-99819
-40219
-66431
-69996
36524
34652
-12517
-61617
-39073
58216
95676
90063
-75484
82006
-64801
16684
-7120
-68078
57571
-613
-62239
-82284
-61000
-81428
4571
22407
69039
-51770
51908
-31203
-98160
84387
57276
48980
60725
-35402
-2699
-37150
17733
-44175
-47012
80500
-81920
-76574
-86951
20531
82444
-24606
64596
-42803
-21089
-48715
17347
47856
-98425
-97399
2195
51461
-36216
-19104
56552
73760
-60090
79855
-67154
-82608
473
-82810
-13188
-5716
72676
-13239
-7560
-18594
-3824
33828
94803
-48816
49324
-62087
31247
-35089
-66896
-18912
48559
-94648
-18566
11897
-72278
11285
-77787
-83123
93087
-82184
-15667
-8758
50050
64623
60332
6858
21019
-1168
48573
70940
-70421
59583
-78059
77686
58336
-28490
7204
38082
-36113
26231
-25988
46413
56582
82855
9392
-75342
-32527
1362
-31283
-58436
-74083
-2757
41021
-84444
80914
11974
77594
41467
-28246
-84946
61822
6130
1391
-70560
42431
-85067
-15566
45938
-82275
18818
-59341
14482
-13470
34859
-52186
-8374
60976
95222
-9445
-60833
85080
-56674
8539
-82673
43132
-63493
-68866
-97256
-5514
-73219
-93851
4709
92292
75270
88
92387
30310
84136
79179
28862
-35984
67456
-18301
-24542
-58626
-80828
11332
-72625
26177
14810
32111
-97389
51957
-50350
-29485
33896
50724
93507
33939
60980
-5410
-70127
91421
19154
27770
-49327
-35673
42078
73426
13366
-79244
-1957
67413
-94544
-419
-23502
-2162
60553
-67838
68029
-51842
20788
-31795
-65941
-61742
-97393
-72374
-42275
-92833
79775
-40365
17328
-65695
-37773
702
74148
-763
29990
86339
620
-82226
75003
-49090
756
-69084
-43075
79915
-13636
-70048
-54513
62499
9754
-50717
-88887
29142
-72695
-41299
-66936
-87530
-75918
40188
4075
-20182
-68711
-50004
-28199
44142
-41823
97276
-89798
66435
81980
-39811
-50014
24914
-95872
-35672
-41917
-93886
98935
89957
37483
-47438
15614
71839
18657
-177
-45551
56380
4676
-38212
89901
-18328
66220
-50753
60975
-27911
-64146
-34413
46434
89020
6960
-89274
24679
61117
69091
34348
-66915
13110
88662
-8159
-28458
-45468
78983
-12825
-13064
43045
93914
64824
857
-6606
33699
66917
-28611
-938
21821
-83617
-81980
94115
50987
-81180
19305
69596
-33748
72888
7357
66646
648
-66347
73316
89029
3214
59754
67011
-4145
46838
-90139
8408
58753
73689
41073
-15964
30961
97110
186
75895
-60073
-88393
-75377
13321
-53420
-72863
-4107
-67765
74465
32988
-45129
22012
51160
87742
-94933
-74773
-15019
86756
-74544
-81826
57858
78462
-84425
-92271
-94150
12077
63914
-91909
-94535
12982
-16858
-92595
26302
57695
2650
-73506
-18605
-34520
-33510
99211
-66800
21349
22750
31372
-49266
42933
14275
64076
31506
-97887
-1601
72882
64423
-82140
-78049
-8620
-83348
-73952
-76170
-47578
-84536
19916
23915
14481
24037
12775
-88577
2603
41696
-32275
-63350
44586
-42279
42601
62873
-78428
-49505
-67884
-86558
37733
18205
87421
89437
94314
-67001
33117
-68361
93102
24166
-9994
-97351
-77415
97269
58103
49836
-57401
41237
60431
-471
-44792
67350
-24121
-77749
19078
-22222
56437
-67225
-81381
-27750
16358
16841
-47210
2220
-72959
4942
78067
-83007
44098
-71501
49579
-21146
-65383
62751
-64605
-76008
-8089
-15533
74763
-19177
-69141
-55047
-49370
29791
-41810
-61375
91747
79523
-31911
50033
-90643
-15440
-68000
-30056
-77256
-87728
-38670
47241
-15748
-32890
92991
35086
-49119
46901
-76595
-98711
-4532
-88281
17532
-53937
-29215
-44636
-91743
99080
-75552
-46384
95687
-24724
-85957
-18815
-33449
63044
28383
-32346
4571
-36187
-22502
20671
-95921
91203
-76159
-25599
20294
17229
-70382
74167
-37456
-89936
16509
-5611
-90426
-38557
86586
-83274
58916
88791
-86913
-79113
23899
5977
-66611
76010
-67
-26783
38613
-87506
87425
-95019
7423
99201
14772
-36342
95566
-39359
-31420
-69322
58403
73126
81924
-59155
74467
-84087
-38307
-93988
35854
9702
1879
92588
-46558
10851
-75497
-35048
-18164
8664
34105
-95586
-26410
-89659
-72188
-20739
71775
16884
-50617
31693
-45989
72648
36019
-31681
-70372
-55220
-60330
-3638
-71234
-68951
-70605
21197
66479
-77205
37374
59739
-84516
93311
-81808
18707
83006
-18474
77939
14189
31005
-81361
64637
-43534
31701
-82984
35953
62453
21879
54050
-43257
75660
20874
-62762
69652
-59674
56788
7220
68584
-38330
-48743
-30574
60792
-35896
-58263
224
94569
-62579
-93443
-12287
91387
39038
43918
-89818
-4538
-27355
56377
48687
43413
-93173
10473
-83383
-60776
-27782
-20056
-8886
14404
79676
74081
-64778
55124
-70976
59484
40999
-78559
94114
-46051
27731
-23777
98071
-27518
44963
83304
51549
-94866
29554
18747
-78759
31887
36513
-81690
-66828
-59822
-28758
-82670
-59253
-69619
34422
-89473
1115
44528
-8314
37538
42169
90004
-48022
2139
28864
3626
67975
50995
34633
-29341
93065
83678
-97110
-69162
37774
-37089
82032
-89536
-68302
-12432
-90314
15814
41442
49805
-48185
53063
3254
-46256
35752
59537
-6323
98301
65729
-29258
-5167
-62015
9750
-68450
-2000
-89783
96032
28991
6066
32822
7588
-39830
34108
-87356
24842
41999
-39869
-22033
58086
-23583
-65497
34453
23552
-3297
-33202
-77587
-98868
88249
39131
89454
-64508
77643
-93647
83001
53387
-81831
13140
-81311
-79277
52047
-50057
94045
-90273
-40053
47639
-39172
99106
85951
50847
56895
-14909
13706
4413
87359
-96955
-33566
-47174
9606
13190
-68210
73112
99167
87668
11787
-96107
6825
57771
18083
927
-28346
75952
-37738
22622
4336
-89855
-57454
-33491
-25154
-36661
76056
60700
84480
-96043
-58498
-86174
11000
13933
51241
19845
-55388
-93970
-69017
-61702
57038
62439
-48487
10455
70211
66874
38281
96114
-89953
-23226
-86347
27819
4935
53463
17143
-89302
-57761
-91116
-54081
93813
64371
-27198
-29837
-59852
-82307
35985
87834
-39538
-94992
-42056
-13901
-11306
-99144
5436
87125
18130
-33405
-73260
69249
6928
-22165
-36761
-7082
-90581
-684
-23291
-83313
-42570
96616
-36018
-7636
-83878
-47554
99422
-76103
7627
2358
-75810
34388
69108
63479
-65056
74027
-19276
-44304
-28413
19307
-54346
-85231
-20034
-49226
-70743
71663
-71402
18332
6165
56149
90797
68708
16930
-71442
-12048
-36625
-15349
73641
-18654
74247
98524
-48198
89563
87569
-34816
-26444
54804
32461
25929
22832
-77600
86029
-90878
-31936
-48581
17787
-62080
66434
5260
-38893
1722
63923
-13133
60873
25083
-14838
86085
-10161
-65069
13336
-84361
-15376
-33404
-48244
-83431
60941
-85669
-80446
-67775
-41823
-98669
89872
25232
27555
70225
-81980
-49505
-15953
-95964
64477
-3388
-13811
92711
-30003
87500
-31404
-43537
7925
29863
72125
-29185
-10374
7535
81095
85764
4648
-60399
-89286
-51159
-39886
-71274
-40004
82447
-36333
-63622
-45658
2167
319
-94860
-50205
-97047
31325
-90973
-56262
57831
-58873
71673
40574
51951
-66095
-43814
73052
-36338
89981
58207
11383
-69677
6830
-66218
-69017
-84305
92357
49377
78859
-9797
14931
-62882
76819
45829
79959
-63011
-99943
86680
-76778
-66876
46157
61324
66597
84165
-61658
88519
-59020
-9011
-4041
31502
-64925
66080
-77493
-26019
61662
-5442
-60281
6223
56647
-70492
75451
86168
-56457
-74088
58795
-47818
35170
53959
-83595
-80967
-30513
98601
-30745
-4104
-37035
-99735
-42664
18991
-8354
82671
-23823
-82713
71643
-69518
49543
-98669
34676
-87322
27042
-98030
22687
80728
5572
55657
52057
-14099
-24081
-8706
-93987
40243
-73120
-37212
-47607
-25457
25133
14753
64165
-90895
71563
-42349
-13683
-87794
97226
-90560
-36466
76077
-12515
-44283
26911
-26808
-55078
23190
-65299
-25288
64702
-79695
45621
-83613
-91020
-18483
-39982
87042
3146
35422
-71836
-45782
-7450
65378
89900
-40300
-63809
-59282
51722
93989
65076
-8287
19957
-56230
-19683
23672
-94623
-72303
-70869
-94457
-39632
85252
-20403
33323
-19886
90127
-60063
19381
89248
-1167
98138
-42703
77024
20215
-56155
40984
-96814
-6926
-16888
2791
5522
-22736
-56670
-42897
-907
-24086
-61231
-52674
73527
4638
-69261
-73036
-17284
31421
91672
68539
-46514
55497
87054
209
-23913
10476
38926
-35382
68935
96596
-26358
-50801
69457
81587
-96022
6989
80011
95932
-46960
-10750
-80331
58255
-96324
15699
59669
88095
-73478
99080
55870
-3474
-75728
25204
1055
63494
-46093
-50192
80346
-50057
-81841
-83762
-14860
-92867
23399
-4792
24132
-95016
51664
-46128
-51215
-74371
1860
27011
87983
-92033
72142
34620
-28118
39886
41556
8977
46532
7083
54404
-84137
-43525
79732
44819
-8993
67816
-78708
-84338
-66432
76532
-84954
-71535
14660
26323
97993
23983
-10475
92433
38112
803
33322
-20463
49404
-43749
-11492
62477
5082
-80088
93216
-11276
54747
85137
71974
33813
15181
-72730
38751
-44876
45416
86602
73634
-97570
88010
-5073
17200
-19002
98479
-89263
-23543
-10218
-11522
-39973
-2383
-55475
28209
-6604
-42208
-52700
-46458
-9896
84760
79383
-61020
-69942
3489
-63954
-88142
79361
64409
7770
-26664
-40177
73059
47656
-61372
-7772
40712
-79922
11581
63293
32443
-67234
94922
32454
45311
57028
32247
61402
30239
72791
15055
85468
-83255
58011
21815
346
-93524
-17582
61654
7181
65305
-65093
49049
35976
-16314
-64518
49438
-72577
6131
44969
68627
-98748
68420
-75344
-46101
-89683
-87609
-27362
-52521
-97971
-65923
-19198
-28974
7894
-5463
-88865
26691
-76026
2578
-74929
-66111
78857
64508
-91106
-26463
-30313
-16590
36578
67058
-95146
49934
97350
-4419
-35371
-87116
-55494
73518
-80833
-18741
77469
42569
18804
-96569
23186
-82949
-20024
-49095
-77761
-8236
-55615
-1916
-61473
12176
-69848
-84246
81163
-31045
97008
80514
32180
-92363
87719
96937
-29433
73527
-89482
-45775
14073
-44711
8525
-60201
22269
8568
-99898
-53394
72742
-65757
14711
-37043
-89677
31014
-46609
81515
-50308
-6688
-97827
-78990
-80356
22027
-44424
-35832
-43288
-39270
74571
-30002
-25344
62565
-40708
54151
-36288
51036
-94572
57003
-31290
-40307
-47124
88868
-51651
-27085
-68295
-63709
-16641
-45333
-34337
42762
56189
-68084
-45125
43374
74922
82605
-18244
-41694
-48214
-87331
-3570
27750
53382
-67538
-15606
-45785
36489
-29836
-89058
-81753
35412
-87340
-76373
-54722
96472
54674
7015
89226
71297
19314
51979
-53986
-30326
-76451
-1716
-489
-96055
40361
-4875
53988
-68112
56609
74678
-81509
-93687
-61289
-60657
8352
19397
-29721
-47193
-95230
36433
-19965
-80848
-2065
-65670
10432
-43203
-84789
64765
92705
-50367
73595
20411
99232
79773
97801
78617
-67239
-70981
77858
-81347
47587
-40918
44409
-50508
-51938
-60043
-25524
62588
-49173
51891
-38375
-40727
7595
10746
83942
45136
38202
-9661
41073
-40866
13163
-16618
41780
17812
82692
-97463
77741
66748
-4161
20516
89494
-62522
41495
8693
29080
85124
88726
-99426
54308
-63376
-1442
98433
93057
-23837
-77005
-14485
44449
-90017
-34868
71698
-53999
62628
-90532
866
64030
-59582
-34387
-58786
23691
39959
71202
-10552
-41491
-25396
-54862
96019
54375
-54247
57465
55456
89612
-21289
62922
-7931
-4060
84498
-8650
-67415
-30151
-94806
-86202
-66479
-73968
-17676
54880
44119
-26313
-22925
51884
34025
-81224
-63760
26334
-46271
2316
42050
-32760
-40034
-97366
-21255
-54399
-17310
23213
82582
-35377
-61150
11491
-22541
68710
-74200
-13577
-68443
-13393
-56830
25549
9311
-13699
-34885
1351
-20586
13374
40190
58154
62945
-24337
16821
31511
-60347
-1502
-10953
89382
-16698
-67179
75636
99864
92237
-83628
82600
-39920
-3912
-24723
-58102
-88487
-50252
-78074
-46761
52001
-26667
63983
46012
88599
68907
-64119
-23697
-668
28122
-90894
19270
66845
89424
39596
-69114
-47444
-60008
47029
-97339
-5456
49198
-24786
70700
-49045
-84348
85474
50063
-67364
41787
77450
-66649
-80833
-34496
-20989
-31972
-49975
31714
13708
3
1005
44249
-37993
-4597
-45934
93659
91460
92196
50103
67275
13272
45664
-47841
59108
-71290
52711
-9703
-64063
2400
-10533
48428
-75682
24961
-29476
-2921
77065
-32280
-23294
72311
85743
51339
-2759
-88232
34399
64380
13356
-87246
-44702
39328
78640
-28188
-77930
-3489
55153
13478
81901
-52869
-95962
55583
33198
41668
-56883
-72128
-5812
28193
36468
69676
-50451
30142
-44837
25452
35233
-90926
69140
96066
-91823
45647
2832
-33324
-65377
76690
-68744
-94311
73708
22581
74261
7757
64444
71612
17579
76922
12202
-4049
14056
-75457
-95184
-34110
-82663
-53004
89961
-68572
86955
-42842
53662
35116
-81492
-41406
-70409
-26921
64098
-20647
44573
-49008
-30124
82241
55390
-47445
-7465
8962
-65214
-50580
-11762
50053
48251
87715
-36476
-93045
-12182
-37233
-63512
23735
84187
-76945
-30187
-34756
79304
-44209
16834
59014
62482
-35561
-28406
-35459
-17744
-12724
70106
-669
66657
63115
-35640
-70113
6104
84489
73261
78073
-28796
49919
-35435
51254
-99928
61542
71500
67313
38678
-97580
99552
18140
74382
-25131
-7221
-53713
26740
-61420
29399
-2672
30010
81735
14505
9519
36298
36001
30708
-74514
-35448
16429
89839
30260
-17615
-26627
-24031
-97544
97297
-94949
75415
56391
38245
-97525
3710
47935
-50968
-63201
13848
22989
-74240
-80400
-34335
56106
-78310
-53399
77259
32097
-67557
-22817
-27582
-29460
-81235
-51116
84537
-50139
-29139
-71246
-96133
-61954
-37740
-18577
-32466
-34798
80209
35048
-4648
59640
-10387
-80639
7782
-19127
-88857
-16272
88490
54572
4608
55018
30547
20882
-43642
-67153
-87180
87892
19903
12538
-41921
-45004
23941
63942
41949
78534
79715
47991
-7035
26005
-94797
70078
92481
-49264
-92917
77049
86699
52089
14475
-98940
73550
-33258
11077
-28123
16331
-41145
12027
750
3374
77947
36070
22104
89835
-52226
92936
-38596
-86423
-70185
57645
19409
-59433
-24183
-96476
-97673
-73930
34041
-68825
42623
-46316
-864
-14783
-91720
12680
-39171
35277
83212
23256
-7713
-3456
-51773
91281
49302
8117
34239
-19518
-82872
29069
-77563
-83053
21285
-73681
18957
65279
64153
-62925
79279
7800
5549
78812
78620
55413
59428
10548
58941
54827
84322
43678
-77240
50610
-71067
1431
-70220
-72539
-49134
-99652
-82266
29096
98478
28741
41671
60896
-24187
63026
52789
30001
-65559
15890
4311
-59577
-32393
63268
-64779
-78187
63761
70322
-74704
-61822
33940
20746
-35121
10020
-17487
-4802
-19808
65683
7596
-89227
-97148
48816
98481
34620
37689
24097
92796
28701
-47774
-31736
-26888
40809
-68290
20463
-23509
-94902
181
5955
99212
-55904
-48016
-80298
-82000
-77591
70714
-3689
38305
-21732
-31085
51487
-35169
13528
16233
4999
-59714
-70685
-11844
-63164
99517
24434
6680
48891
-36811
-59752
-81910
84968
71417
-70476
68736
82309
13874
57568
76387
78738
-21139
70928
45421
3809
76457
43684
61523
32828
98397
27971
-71485
27382
-34551
9048
16303
46045
-16111
49352
-61512
-15845
5418
-60189
-16358
-98204
-87806
-66885
57843
-44111
69349
-71314
-43665
97493
4502
59857
-58341
3338
57759
-84549
-66138
62859
-21928
-30402
36333
35624
81937
57311
-97641
15066
-37199
25113
-96791
-97951
22541
-90840
68489
1570
-57920
58547
-31807
75170
-70486
-31004
90363
69494
-36668
99874
-20897
-20437
-42896
5008
-22512
73949
-77141
-58037
-11249
-26376
-68531
88165
-73752
-7733
-48734
36443
-53870
-20703
70977
-17723
-87248
-91621
58802
68898
-73958
11365
-12333
-53268
74692
17815
19994
31294
-86396
6692
-23134
97380
28208
29334
19423
-5851
44034
16760
50961
83958
92364
13175
-85847
76177
-94225
82700
-49615
83432
-82191
-76693
-2603
33596
49064
-43174
-72242
55437
-36894
6114
30583
-86239
-97574
6669
-61056
-31974
76755
-77232
-51816
-51268
-23368
-22282
28032
15325
-99619
83197
-8868
-51040
37725
-52884
45689
-22604
85951
-58435
-89747
87310
47293
-3349
92749
-27490
28226
-37141
37656
-22343
-99088
-5888
-50624
-36083
72839
-50965
56719
66994
49727
-34550
-21364
80229
-20541
-53153
-98449
-23685
-25531
-84876
-46509
-71605
27126
28737
-8740
-56284
56729
100000
-18951
-5345
9957
16589
-14716
98177
-81426
54495
-51659
-79135
-34891
14261
-64028
39532
339
-1910
-37710
66540
-50000
-87756
-96162
-65600
-20636
-10176
64761
89762
-24020
62894
16339
-23903
20720
38996
-66737
-29750
-49882
-76052
-73377
-49592
-83025
-9347
6968
82666
63955
82726
-91024
60825
-32070
32413
24372
-59635
-63587
-98283
-41793
23699
-57983
32450
-28970
60286
-69139
-38364
41088
60673
-21140
-97924
-70000
49962
67135
-70262
-93354
38179
-45985
19303
27827
11021
4800
17306
14308
-95328
14106
-38610
73723
-71624
-77983
-68951
-50415
-64111
23872
-22947
53257
27899
35621
6254
63036
8666
-76632
-82407
75967
-18708
62856
21661
-95977
-16607
2967
-81291
8352
-67880
-56523
-80521
-67778
78006
8039
31651
79451
-91245
93614
28952
241
-95390
64514
95142
-49261
-41704
48597
49305
42225
14910
25703
-34497
-33473
46201
-66881
-47014
25531
-68068
32294
76031
27018
47166
48311
-63994
150
68324
-72509
90449
91184
-27002
-61208
-61339
34904
41983
6642
-28350
97741
-84875
-96899
66640
-97914
55832
-32256
91987
-10684
-90196
37012
-31554
-72007
30740
89663
-29210
-51682
-80845
49491
82285
90715
58716
52517
-60287
2554
-7596
-32572
99473
35307
23022
14839
-41874
25959
-92559
77189
-51237
48451
-90012
69592
24453
-45537
55806
65784
35754
-61037
9747
-3628
70797
75791
-3007
-24113
-4402
44490
-342
-41691
-77868
-55486
53978
38298
29447
-11746
61150
-66774
79369
40284
-47080
-73636
-92988
-39890
-69345
30893
3759
-66221
41860
-25775
11089
-89101
-15291
35686
-95417
40672
-75607
-55291
-37267
-12182
8621
30550
-65827
48092
30037
-13207
-56147
-25334
54237
-18929
-60106
30826
-73607
-44764
80336
-8130
50086
34297
-76182
53829
-15127
-36076
-71691
78474
-74327
-24103
-70520
-51587
2983
33917
-86496
-52479
36824
-24491
99232
50611
-74107
58186
-70821
-89986
63648
74467
95280
-14692
85322
-69397
-91518
1833
-71089
-30119
-96982
12582
3467
60018
77325
-33399
14636
59565
53070
-41513
10785
66007
63360
91669
-76028
-64920
75803
59637
49464
81491
-60007
-96224
79846
-11425
-97660
8816
-93562
-23285
-44944
-85247
-95070
20146
12853
72642
-42589
79144
72002
7459
21229
62385
88552
-144
-7050
-3750
-11740
61980
-84615
60509
-74230
72392
-29104
45980
-37169
-74506
-72410
80470
-57168
80081
69643
-15879
-85768
85913
58315
41213
8544
-72594
-36886
73225
29650
81584
-29833
38637
-13502
69230
-56633
65543
25867
-47830
51441
84543
41560
-40276
42571
5512
-56881
24038
-10780
-1077
-93224
57751
-93640
-87925
38425
-82449
15246
-89039
71744
-13477
71612
-3018
-98750
-78387
35126
-51422
79986
7953
59722
-36141
50045
-68099
20510
-32608
-75869
12502
50761
37298
83400
36650
-96292
88860
-8818
-84996
-42329
67284
-50756
28248
98157
-36093
-4730
-86266
67712
26373
31300
-33279
28450
-36211
-50540
87792
24373
-74683
77976
15989
46787
-44701
-41473
78441
-72296
4333
-16015
67790
54400
34787
16857
-67709
85146
64273
-97852
-49057
55147
-26376
-31357
65975
91844
35232
-77815
61527
28658
-69388
3098
41345
54369
80593
-76872
80110
876
-63448
-79155
29401
13077
-54366
-64427
-21369
-44008
-94861
-21763
75350
-70894
-23173
-19892
30541
-26423
52464
35414
-53674
-91073
28218
-46036
-91781
25419
-55863
9869
29746
25099
69699
-30606
-37270
73263
32256
39529
-28031
-87862
-78719
58905
27490
-95700
-64015
-7967
6996
34819
-97735
-72231
91710
41521
77548
14339
-8323
98819
-89331
65256
-76005
23478
24426
97270
29239
7418
64926
-95388
72853
43130
-73319
1248
-79736
20316
-22785
-82838
78997
-59892
16345
82070
-38826
25525
40703
-99717
41249
-22828
69753
-45197
-12356
47735
-14086
72141
86126
9651
28216
-41785
-37358
99858
-58889
-26104
92826
52330
57077
36177
72945
-50480
-47564
-25091
93152
-5139
-93189
-95963
5046
6840
-82481
-30799
87537
-25671
-16030
-75866
-86414
86493
92531
-85983
-45298
99589
-40715
32050
63702
52130
35519
92024
66757
80188
-10913
88888
68509
-85702
30150
-10701
75990
-91301
17445
77476
-6151
99971
70305
16392
55440
69479
-42976
6883
70218
-46613
5181
39860
75409
19399
91564
-60326
483
31243
-34091
49855
-21540
15607
-13656
34216
-20334
38306
88065
9608
38862
42406
79473
-14253
-97783
17494
21526
57212
-85208
-7018
89645
4260
92474
-12780
-80484
2272
-7969
-3407
-99137
37246
54964
-88130
22056
-85346
-89107
89232
34167
49843
96487
46312
-81489
98356
-10033
-41190
-73256
93591
-46879
86674
-75943
-1203
-21662
79354
-78104
-13478
51218
-71172
-18605
91368
-36595
-22422
63494
741
-26913
46632
38894
-55270
-7481
-84296
-40364
-58079
66116
-79806
64719
95154
89246
25315
-19112
64662
-73612
39523
59926
-45462
59943
-62536
79836
-28844
-79404
37745
-4193
75123
-51288
21023
6874
90976
-10376
79729
-75682
37516
-24951
55410
2361
83982
-81513
-66967
30176
54088
-66005
44748
50701
45887
-53646
-60488
-16349
40337
-49141
-70503
83064
-30857
3252
6239
21158
38947
8719
-56326
74598
-38977
6975
91136
-66390
-3010
-46979
45352
43653
-38245
-52893
-8644
75609
24430
-12340
23737
-2945
-43280
-35155
-64657
-7234
-53194
40059
23468
-43118
22962
58253
-3121
-82538
78568
-93638
-2371
67678
21692
30068
-61398
37174
34039
59343
-53130
-80632
75818
-56853
3023
38073
-41959
-35587
-53818
18009
-11039
-73436
57821
78741
-10918
52487
-37000
-44199
49351
-22983
-36101
11817
-91272
-13718
-62994
-64211
12235
-99123
-92928
23363
43540
97082
62653
8281
-72193
27833
-12922
-92686
36722
-86171
85135
-83995
67178
-24317
-80741
-46911
53879
-94178
-66181
24315
41282
71149
-46708
49933
80005
84308
32914
-83723
-57467
77823
-53622
16268
435
-34146
25139
22780
-96164
-52728
40121
-49465
70450
-86953
-26586
19649
-19663
93652
-88073
-88287
-84148
61297
-10465
15919
-58187
71737
-82048
-69773
-8708
-40452
74726
-82313
32200
-66384
27372
-91251
54286
42187
-71560
4167
76311
-55979
12759
-72406
53289
-38515
-49152
-60020
-57617
85117
265
-83414
-79072
-38161
12305
-97598
-69252
45860
36479
53113
-76690
-99102
15827
-69916
41089
83366
68960
71192
-72228
-30341
26527
-93866
-56719
-28908
-36169
64418
-83229
-83928
-58521
84283
19602
22813
-52323
8592
-67272
-56886
-15075
45825
-49577
76247
-41314
-3048
-5001
-8087
-80661
-75905
-84060
77304
77520
-91830
-34674
-19351
-58485
82718
14232
-5742
-10054
-19053
-37563
63523
80888
4401
65876
-21495
90418
5873
-56580
80396
9443
94338
13234
72930
18017
-58115
13624
19349
-75855
69791
-50326
57020
91457
-92186
-97929
-23454
26851
50462
2455
-18770
44469
-67103
59790
-21270
35271
-57402
-75081
77862
-31650
-68422
93948
32105
23983
-30004
-10831
29587
-62036
35159
14138
62666
78461
-10124
-96316
15361
21742
27638
38742
52824
-2717
98173
28865
56200
-24809
21181
-17856
63774
-22327
26480
-1663
-83724
55951
-60872
-51592
-47457
85168
28512
-22690
91918
86746
-26596
-33737
45864
12980
-26970
52867
93582
64747
85867
1397
-56479
67946
88290
58448
70338
39235
-61025
-19036
10765
21231
-61629
-47088
-95676
1054
-71136
41873
-7198
30333
19467
35205
-82414
34279
-72535
86600
-45925
26027
-73516
89518
18434
62937
44340
-25736
85083
-92869
-5584
-28567
94018
-6859
43876
-67637
53336
63435
23655
-75544
-28064
-99287
-13111
64661
80346
33712
-20007
95468
-66342
11966
-77508
95477
4652
-85549
-67991
-48442
33446
32179
29911
9585
-95285
-11625
-91237
65074
-28386
54347
47026
-67639
38448
98526
38734
44751
57457
84377
-5386
-93074
85105
54811
4650
-86127
-74662
-77406
5614
71225
94958
62528
-883
89577
-38195
97265
33870
73630
-23562
-78312
-89926
-65401
67258
54795
-75122
-32844
58705
-22913
87997
-548
2875
94939
43949
-37781
-53523
5595
-70102
66294
-87112
62145
-33176
-42798
-21582
-76838
-32096
70421
-8346
-59649
13081
33804
33999
-59566
-17885
44159
-89814
86273
66152
-42493
-16113
-74381
-9965
-6139
85353
-8859
30208
43773
-40665
79669
-14920
18769
-55480
35736
59256
2061
-49187
-55064
98067
-83713
41139
65623
3768
35525
-21795
25815
35279
10318
93239
77763
-59239
-89113
-73919
47145
82237
78707
55446
-35157
-34067
-79600
36596
-59533
47600
55340
16138
78235
75077
-56649
-709
29498
-48622
-44848
99034
71657
37846
-9498
-66418
-84842
-15035
-37290
-26659
-24996
65935
-60121
53167
-37636
-415
-57386
7571
-9968
39783
38469
-66590
-25729
39869
4404
15766
-2566
-75558
-87204
-51987
-54916
60257
13543
-43350
-2200
-88565
5476
63054
62994
68924
-71996
-18402
68570
84407
-44338
66750
17310
1486
-42743
96968
-78826
64704
-35014
-17746
98472
11413
-32071
-55320
80175
-52235
-19061
15827
92162
-53275
38440
7017
-17624
-38129
-46021
7791
5931
-79769
1504
6346
-28363
-72458
47451
31802
-47419
-4936
-31249
12287
-18009
-56476
1076
8354
-57926
-59222
-43662
14838
-96498
-82659
-71454
-16015
-28886
54462
47748
83233
29478
-52055
-48224
91221
-1359
-30551
-59310
1349
-59568
-15463
94224
24553
83065
-19812
-22395
25027
-74503
45319
19666
67555
-26463
-7548
-81557
28266
65768
47636
93224
31196
88533
-11732
-38356
44331
35640
-13137
-29020
67858
45825
-36413
45927
-91448
-7294
81004
21473
28867
37350
-43413
71635
-44010
-13447
4037
72497
-63635
-78665
49247
-31008
99255
-76750
73859
-92286
-50531
-81205
37748
52012
9389
-58571
64000
8715
-68811
23889
-45424
16697
-33225
-23445
8541
10534
6228
-41682
-94912
15324
-56015
-9308
-45643
11343
-5839
-39819
-36097
15119
56295
25545
-9468
24415
79500
8991
72437
-76392
-5125
-36731
-51121
57984
-50068
76512
68693
2481
-97222
88524
-60605
65517
-7045
81849
-19073
1463
13489
6551
-29553
-21076
31661
-44746
-93383
39439
65006
63955
67840
-38983
-75841
-49487
-52299
5185
96444
40722
72778
-91243
-29098
232
-48875
72863
-22151
83712
93350
-37624
-31854
98865
-89270
-52090
-83898
30109
-28331
-84930
-85548
53628
5305
24163
73418
8830
-90450
-12897
81509
46847
-53989
26249
23144
-73407
21214
-39901
-87691
68165
72911
-72102
19334
91825
-44760
-38685
51982
-28469
14067
-12901
-22078
-77355
-64703
27871
12829
-41283
12400
-73983
75470
-59319
-7931
-55703
-58773
54050
94021
-89865
-5447
-93732
-60469
28994
50591
78131
-61797
66350
18048
-90647
59235
-72639
-99945
49595
-13881
-62121
-53468
-28609
-4045
40133
39658
49651
-44703
-47730
90322
-74778
-22679
-53832
23097
-86727
64693
18449
99625
-76369
6545
-81130
-56687
-32539
-82917
-60258
27680
-11231
23651
-31819
45582
-62560
-69526
-38518
-68798
30232
91620
65633
-25685
95478
88578
85708
23689
-99778
-96788
-50764
25240
-77248
94364
-48387
-10575
-67146
60073
13971
-92477
30993
89750
755
42578
3625
75319
-64185
46790
46661
95628
-7191
56264
-17762
-82252
86492
-67552
-22294
64859
-72152
4848
-42842
-86304
-58445
58453
-17769
95662
-54847
56267
27932
-80025
97402
70016
9151
-46541
-37044
-8761
55478
-28987
-23510
-75226
78865
-3469
72257
-22712
39127
-64745
-80554
-92731
-55167
43511
-94749
94181
-29526
8614
31013
-45591
18188
-36722
38538
-65383
-24047
7852
36238
96114
517
96206
32771
-49665
64804
-70927
41832
-40690
37484
-48154
51411
51704
97253
86014
-40369
-71338
-95103
79103
70648
-24350
63391
39475
18585
-3533
-15414
47488
37325
98433
37593
-81032
44723
26939
48019
19618
32401
-29853
47864
45222
13161
8881
48019
67359
35965
41652
99807
-82234
-23383
34846
47355
-96104
-73846
-56566
-4622
38522
-65342
70039
-21744
93488
-63237
274
-62183
-97824
-50117
-63223
9522
64901
24433
38267
93914
-27892
-73214
-48599
-95049
-40753
-45459
-99503
90843
-79130
-2119
97598
-96274
-84951
50149
49997
59976
-41024
-99494
-45021
-49509
-2983
69139
65932
72775
87568
24088
-30360
-58201
-65741
46139
-89478
-68776
95365
-61225
36640
42751
70183
-71055
-97682
65536
-98269
-1454
-83211
47978
93610
45048
-94756
-65969
-11582
94633
13235
-34224
43236
87957
-9236
83478
88374
-77859
77607
-35996
14690
26211
-35514
-1665
88181
-90131
-60504
66453
62112
7350
-48465
-58220
-49935
55504
-50667
42669
-28074
17628
9873
2754
75011
-96572
-87393
25801
-99053
-43734
14668
-88487
-92529
-19986
-45613
-47220
49162
-96766
6225
98962
2657
99665
49292
-68068
-1781
-77594
-7789
43116
-81456
65778
90096
-58827
73796
39330
54484
15374
-86411
41713
8867
55009
-38425
69986
-43154
-72625
-74192
78224
19913
-87998
-10914
60883
-79739
-75339
18487
-59549
52443
-45824
-10645
71726
-84220
39271
-9065
86116
37118
10002
-22868
30695
58979
-21298
-33382
-50677
66138
-1334
-66031
-96994
92703
-37332
65824
32709
-95829
73589
-47743
17202
-59632
-98676
61002
43519
76143
-29193
50402
-13747
86451
-37517
87383
99264
-88555
-42565
28993
-62865
34915
11319
-41633
41191
-49295
-90779
-94856
53240
73136
91751
59278
-3132
76952
-27427
-44064
55995
37102
58735
-75680
75844
74465
-92116
-75810
95478
-3268
76519
18185
75036
-38151
62190
62366
-21378
-20374
-90305
38383
-99944
-96450
93427
57181
-181
23839
-60183
54019
61485
-57911
40848
-63225
71041
96311
-96467
-45590
53498
32946
-58359
85389
-88871
-54023
-35828
20413
38042
37412
29725
-99022
-88951
15549
-80963
-1403
-97499
-63599
88264
49205
85921
-86390
45963
21279
-50602
-19283
61525
53240
23421
-77684
1982
7282
9217
78513
-17868
17403
29770
-78159
-5586
-80014
-84929
-32109
-67022
-11017
-93517
-73633
66570
-72284
-74816
-20618
75561
3465
-93172
-42069
-88242
-67098
-47321
43838
13903
-7268
27290
-27913
2567
-77340
-93634
58777
68100
74929
-84102
-56067
-29366
48879
-56293
12665
81477
21799
23978
-202
-55753
17608
-57749
-26721
-27490
-84687
-97627
14594
-81178
-25262
86230
-11019
65579
32305
-30020
-36403
2843
32039
-94788
-47508
18459
-37580
77656
86132
-44941
-94763
-91077
54601
-46219
-281
-95783
-89078
-87487
35478
-87448
67938
73838
2365
-67599
-43708
10206
79016
62427
-81299
16598
22238
80784
14872
-76486
59871
-41079
-26395
-47729
-17427
-5889
82141
-92679
17577
37590
-36941
-42215
41261
-23248
-62645
31855
54053
19879
6447
-77360
-74619
-40182
-54284
-39272
93501
-31353
-63572
-64197
81345
80329
-90341
-63942
34875
70066
-989
36488
-37597
10390
-30132
75077
-56890
-75335
13857
-38228
-15554
43005
-68475
69934
51405
87594
847
-20895
61555
72236
-28936
-2969
56669
83291
-82922
-23365
-20224
142
53814
-66178
41354
-85294
-78233
-51966
10989
-19425
81802
-61261
44049
84935
-52910
-3236
1214
76922
-56647
-14240
51986
14244
-92852
65871
23320
-72694
-73593
-49503
-23770
14672
-19539
70594
-40224
83973
-12045
87567
-8498
93324
-31425
29301
-39059
-58602
-58030
87285
90277
39565
76125
18718
-97230
68166
34953
-33928
5265
51018
-77274
-43064
-11838
78921
-10751
-48809
-93984
-44109
70385
75644
75498
95856
59266
45174
-27074
-13404
17088
-38071
56497
-95016
-22036
45929
-80217
97648
81399
-56405
15498
-94519
-48918
87231
-77104
74791
-14477
-38637
26902
88460
18979
25461
57280
-39790
-56830
46688
12748
-68136
-44749
-35769
-81355
43015
34898
-2626
91061
72796
90196
-46410
-87803
-10752
800
71039
18595
46580
10901
39789
94999
-53180
78379
23314
-48289
-47217
64547
41363
-29397
-70428
-19201
-85888
24397
85701
-25411
74210
-73754
71115
-37213
71164
-89921
11322
18812
-50310
-97260
46829
-72697
49051
27746
-68586
-25318
4509
83400
-73869
-48400
-50252
-13165
1689
-88080
88219
-39417
16744
22629
-43990
-54866
-21418
92427
-89875
33352
-2815
-56098
23165
-37840
95611
3201
4950
-22521
74329
-26636
-56051
-87469
-69234
-90559
-93192
97136
56898
-39708
18734
51089
-84436
-21313
53616
-98190
-49173
91953
-96096
-79843
-37019
-87861
82657
4121
-69950
10127
-99556
82028
-67093
8597
-81426
52005
-73723
95604
91476
-53937
-50242
-71019
-68381
-47950
-67801
26754
-98467
-22189
64642
87588
20020
-32489
-16528
47307
-63976
-12086
-26265
-65417
81301
-71903
-49060
93205
-23534
-61680
-56162
-90041
29829
94939
-89419
-96449
-28778
-58987
47959
91660
38832
33511
83721
-15128
-82367
43212
-45091
23429
-15517
15960
-90307
-96602
99411
-80357
92954
-7704
69714
60173
46969
71709
5500
-33593
64199
75830
30627
-59452
22673
12891
82963
48171
32162
21061
64822
-27963
-98789
83493
-21496
-94509
56233
-98285
-67357
66737
26767
79473
57087
-41779
-99159
-94405
-40051
85600
-24217
-78645
54634
38661
8836
-43317
5164
-90920
-44401
51054
-59379
-3814
82111
44894
92781
-66244
-12873
-60224
-64513
-48587
25433
-75692
75539
89177
44157
39780
-5576
-16139
22458
98230
-16025
95998
89136
64767
-63941
66685
-41758
76111
-42974
-23244
11054
35033
-83969
-80783
21428
19311
32148
28134
36210
-85895
54460
-29466
-2030
84906
791
-38966
78724
-73530
91424
18078
84062
-27337
90337
-96479
47679
-21445
289
17450
20999
-47023
-37669
-66484
-85888
15629
-99882
37980
-66866
60789
73284
14673
71688
97913
-11074
83825
9200
70030
-69846
-49192
67459
-27758
12296
-50109
20908
-83613
-33029
-20443
-94178
-88640
197
-98362
87384
-23285
79066
-66432
14725
-47333
-95230
79589
-71994
-62628
16403
-63022
-36137
9622
27501
-99361
77864
-44261
-95859
-711
13271
84256
4223
11100
5256
-74796
-68059
89832
-39267
28049
24169
32835
39061
-68023
77356
64771
55503
85670
-81011
6320
56121
-56509
50219
25332
-74540
78261
-49156
-33013
73037
6938
-97303
-76922
-34551
64108
38025
41109
50720
92357
81421
-33844
-54741
-97408
-24454
77724
95296
-68118
-82665
-37157
95573
-81785
-52235
-39953
-75134
-82357
-59513
-81214
51795
81551
75406
-93567
38364
2109
67483
-7260
64583
-35094
83286
-99723
-68741
-91358
9967
-16370
-21164
-62262
79009
-327
-15367
80130
-7308
32416
39453
-66118
93038
36530
-71484
-69631
37474
75459
-79094
7542
-35546
41738
76029
-31423
90449
32010
37988
-47997
-32602
37515
94840
-48317
18235
-7934
-95664
19063
36737
-22201
76012
-89262
-67075
-68525
8754
59742
14882
60347
-51010
48987
-38154
-54221
50657
40030
74350
75742
-94504
-29220
-38938
-51890
-4312
-12575
14156
-70684
-81163
93466
3759
41505
-86553
85749
-94442
65049
-28096
97165
79444
-18666
-68006
-59676
-86654
-25138
58738
-28418
44412
6670
66250
56626
59250
13646
83988
-92902
51697
97267
80067
-35092
71739
-19800
42550
-34228
34182
-55809
51227
-99667
-39552
32077
-12047
79221
32466
-52476
-43612
-78976
-1297
19912
-77351
-50012
-21048
98369
66707
26746
-36703
53029
-52726
-93972
68170
77159
51501
-54537
-99467
77941
-2736
-18603
31633
-98536
76145
79440
-11710
-67064
-89030
54399
95079
-72916
31157
59790
-46680
6460
48729
-30478
89525
-98832
46298
-66524
-97487
12188
19525
-73490
-22261
-48202
-23008
-52069
17471
53318
74074
37904
91914
93893
-96221
-22186
3781
-83021
30788
44082
93754
7877
53504
30160
94968
93351
-50951
12403
97199
-60935
8303
61325
66983
-22687
-31571
12289
-47380
-74561
-46288
14850
25543
-92205
69019
-45893
-76818
19358
-31087
43921
-5110
-43662
3127
-85706
26450
36445
71254
56290
1375
45394
41680
82022
63447
-38002
8000
-95490
9132
-19769
29549
88473
61112
44777
-62531
48113
-12123
58212
4143
26123
-35341
-49924
-34084
50880
66456
-34862
-93205
-32301
-16708
-78135
-35466
14572
68109
76432
53219
-85971
-84828
32972
77332
-93944
8275
-5099
-90202
86514
-94194
52373
-14676
2826
-60765
-78056
-24439
-762
-78974
-3557
83148
-2776
57491
-90451
32001
-83327
-89752
-94757
-84902
-5504
82263
63654
-99449
-61895
70653
-83831
-36257
33287
41171
63380
19903
58
-10957
-69084
-54817
18621
-94017
-71068
75981
93627
-86862
-25071
34249
-42802
55696
-27618
-5475
52166
32732
16971
-8494
233
49076
46096
75420
43360
-63138
-91985
-39679
22074
28089
26686
-38568
-33303
-96437
42845
28899
38722
-4595
93542
-26107
-22400
-32180
60725
-80366
-76498
-4909
-96570
-15999
-82524
-94382
-74905
97081
-18713
42501
63924
-50313
-4384
-74018
-73649
2781
21119
-99744
64771
-43945
22198
22217
-10540
38280
75935
-34115
-79088
-26649
-30427
60788
45139
12389
75487
-24179
-5791
96032
-95016
-91288
89850
-46687
-98498
-60481
-31077
76409
-18664
-51712
-47438
73590
-71544
27912
-17342
95275
-75076
99599
33297
89726
56043
74732
74256
45138
-454
67918
-63582
40106
-53871
-17184
79091
74240
-15358
1518
-55674
90766
-32097
-31577
7321
-75181
-25492
70737
62452
17187
56512
-13798
84959
-86140
-88161
-25656
-6760
66064
20030
-92000
47191
21958
14537
-62089
-44458
42087
16985
40773
4335
-11606
21097
14261
-13595
28462
5139
-48532
39655
86052
-92766
-87154
90418
-4144
7734
83567
24897
97364
-39544
16145
-32294
-42244
66030
41728
-9846
87770
72201
-20879
12493
-83302
74477
5599
-67528
-55820
3235
69938
1885
95218
-6859
12823
3557
60565
14086
29780
-43322
47724
90591
26424
31392
14858
48075
-29339
-22239
27398
24098
-29349
80186
-9798
-61839
-95152
5853
-63889
-75840
63203
81664
-48644
-27003
-87405
-42078
-52974
98412
-12406
14713
-47056
-99908
58362
-79922
-85944
94412
34078
19577
-84920
-52988
28492
16080
-41373
92892
-29412
-86687
83179
2853
-63702
23592
58092
-38437
-34198
-43978
-99384
53593
99720
20576
37759
-53017
92451
-31933
-93278
11492
34670
2906
93642
-41697
-89200
-32950
36389
62155
-21836
-39989
-37456
25580
95248
82174
37495
-65132
-22370
77635
35979
4827
-83450
-15659
-7609
-47873
-42554
88493
10705
82387
-98712
-71284
82764
91207
-55784
34281
-5139
-50486
10679
34653
-9379
59847
18888
-87377
-15899
-56704
16079
1771
-52428
-60242
-50380
-24682
45797
61631
71433
-65894
10362
10027
80695
80992
-2843
9763
-87364
43045
-54842
-94780
-43672
89437
28332
87693
-6392
73563
20460
-86550
91657
33002
-12965
83835
66331
-72566
29930
99578
-9079
-96603
-83941
69783
92693
-5860
-47447
73986
91360
82727
-66688
58539
-28159
39893
-60545
8481
62426
82231
-93018
-591
-49541
21420
86664
-74432
56175
62687
93115
-33269
47457
-38347
-61631
-95997
42459
80706
99270
-16755
14126
61566
-45243
26139
79514
-53673
-15479
10431
47914
-33174
85055
94789
50017
42864
42057
23954
-99320
78989
-24114
33169
46587
-1767
-19719
-635
13711
91180
-7992
86145
37677
-48160
-68947
3419
-26816
73387
-17578
-64676
33199
-67478
-99359
56719
52124
87948
59925
38615
-25575
-26081
-70524
-27056
13691
19070
24223
54394
39348
43160
44973
-34695
-41983
-46212
-98405
85890
15789
32326
88071
-67228
99134
-64389
47964
89313
-22107
-78905
-50850
-36976
99038
-64327
10649
96193
-39954
61944
19421
97898
-38257
77049
-85982
-1050
-2303
53868
-96811
-42632
74980
-96983
75319
-69073
96484
63717
-25605
-63436
-85209
16054
-93063
-75694
-33426
1092
68926
95305
-86632
-60347
96147
-39184
5215
-74376
-7353
-94761
86439
29409
-42754
-67400
56002
52030
-23179
76615
-38976
-90175
5205
73242
6364
-7539
-29174
-1096
37835
-20297
-31886
43211
83496
-33757
-10143
68461
-961
74766
-59757
23725
83934
48623
57615
-44383
-57445
12145
-29507
-56266
-95335
-73935
-82949
25550
9329
-66884
-30608
-67775
-40715
87411
-61835
-94281
61371
-51930
36494
48771
-86394
69695
14793
-94313
-26334
48506
4449
-92902
94484
76424
15125
-31867
-7290
6849
81672
31510
543
-59344
84301
-8175
15348
84781
64094
91116
-18631
-39361
89843
-6368
-38499
65710
-85300
7420
48821
-85560
-18106
-90447
86881
-42804
-10305
-5102
-15655
-58116
-18250
11043
93365
17068
-55448
-89770
-31324
-14897
60240
-51540
27272
-20347
-40486
1036
-58032
-79082
75746
49059
14874
-87025
62965
84085
49842
-20410
-41181
11003
12987
70232
22740
-46598
-19486
68911
-1050
4179
28391
3212
24518
-89707
34713
7208
-54700
-66131
-82070
26651
-47863
-54117
21581
83635
-15325
87618
-61971
-16904
-70152
27720
33321
8292
-1112
63469
-80670
-20786
60561
40904
-22685
-2876
66915
81047
46883
76228
48857
27561
-82486
55742
-96510
-68560
-71211
-94570
31356
-12618
-65437
60222
70606
48724
-10378
60175
7924
-68652
-32403
23012
17613
62752
1429
62010
30812
27785
-78341
53985
-76291
59496
6966
78497
66780
24196
19976
65370
-23118
-52645
23075
90724
-82062
-47246
41937
-22991
73814
22229
74836
70285
29902
-12402
97990
9908
76093
66014
1360
92293
77131
-68335
2318
-56429
60259
-49561
-56431
-25614
46865
-14743
-9205
60285
-88013
-57674
-32200
36930
-63664
13422
88671
-93357
62674
-12163
65217
47430
27347
-69858
40365
-83600
-66613
98528
-16116
17982
81583
88879
40972
-49519
43757
-9658
23131
-12125
9778
45855
8069
87359
-64073
-74316
-76075
-25216
39716
34157
89636
-5784
-17692
-29456
-26795
57477
-70360
-92572
6084
3232
-19953
94910
15501
44032
-97785
-25577
10821
43228
2351
1767
-25618
2697
-86410
46085
82935
85649
-92823
-75924
-19062
-36733
12480
-85234
-66288
-24835
61114
97301
-47902
-88175
-46583
23241
-75384
41539
92878
-24921
-20612
-92709
51841
85378
-4853
-35685
95604
25064
69002
-39415
-28222
-13683
96948
73042
-79146
-70589
14269
-77081
59030
-64317
-75376
95406
27276
59332
-13362
27690
-10424
-97595
97758
-14805
50633
-39429
6308
29584
35599
20189
85660
35777
33711
-30615
-64706
-84635
97128
-76266
-78439
-98970
27110
-83950
-182
-60242
-21391
18598
-24206
22956
53099
-84417
64372
-57490
-21060
-91842
26762
-83143
-59802
11702
-83927
-48687
-99482
-50819
-28403
-14686
91526
-95915
-32663
-84579
-64453
-87539
-82257
91249
-58923
-21778
-57327
16592
81310
-26552
-97751
-78974
40746
-46434
26176
-53295
-25401
39857
-7845
32515
48704
77828
-82507
-38798
94102
-97541
29943
32675
63188
-64642
-64986
89102
-18885
70128
-15701
-93922
-35286
-81115
-1014
62974
90387
9325
9746
13736
32834
-37666
89673
-93461
-15719
-8032
39473
12718
78041
-24211
44475
43751
67456
-83855
-33061
-84594
-54352
48347
-28655
32126
63699
8216
97770
81339
-84117
68302
20501
36439
77032
-88893
-98507
19581
-24945
-69101
-40921
-3366
-75058
12355
32011
88806
-47858
-73364
-76607
-23322
-25824
98994
90730
-63435
10038
-22461
-24431
-556
-90510
77095
33421
-38540
-74703
71897
-30244
74910
49571
-11867
37944
84290
63817
87753
69915
32882
-96773
-43034
36050
20097
53575
13740
10676
-72026
62425
41519
96201
85037
-29938
35043
51229
78768
-71001
-618
-13263
-84479
-47561
-5989
-29047
69489
35606
73759
-14653
88027
-74881
35451
83133
-59823
51041
-18468
67981
-5724
-26805
33258
94176
12790
-48502
-67758
22030
84300
78878
-15228
-78796
43560
35088
-65254
68153
-31687
-74664
37413
-59262
-94867
15742
8918
-12040
-43267
11548
-25030
-61313
46894
39874
-73508
2055
-89755
56490
-15081
-10996
38212
56421
-88056
82708
29460
37681
-57060
-47954
-17776
71098
73269
-10892
-87597
-84711
81271
-40839
-73550
-27577
18789
81075
34191
-76783
-81240
-33266
-68957
61068
59348
23466
85690
6491
-79837
79992
-15250
-15706
-43562
74660
30228
-62149
57305
55991
1511
67598
2330
-48242
-52048
61793
-30808
-45594
-85095
38118
34902
-20356
-84906
-82152
23263
8300
47199
68447
-72028
8355
-16615
56894
63999
-28129
90105
-67836
46108
27786
28327
-52932
38328
-20950
-75196
49887
27940
-79604
2381
-32016
-75349
25372
-7599
-43386
22903
-90753
-6198
-47346
-70667
-76814
301
-67352
-29159
10034
-59118
24903
-6842
74920
-82568
14444
-64029
29354
52316
-96984
-15188
26174
93279
-81559
41861
-47403
-41171
-46148
-33316
-67221
56920
-85224
-33641
-83519
-15705
20976
-34982
45679
93906
44937
21659
-99160
-14018
-60396
48387
9935
-40985
15552
97855
-74987
11815
-34946
92297
-12159
-37844
-65053
-95225
-89597
-82801
16869
30745
19651
65393
93265
63913
-59811
-76764
70348
-50632
42181
33633
-46680
75166
95051
89768
-80541
48070
55618
-99926
-79672
22316
14967
75673
-80278
-7360
65091
-73033
-83975
-29014
-31301
-9181
6092
-54077
-78622
-96674
-9205
-4789
30061
-6809
-70078
98981
-66747
-51518
20375
-91934
88157
60671
-28895
-67269
987
-66097
15567
52027
-48377
99629
86389
-23967
1218
-49398
84805
-3330
3033
-85150
23289
13269
10242
97153
-72369
39707
88355
41595
-96142
61318
22498
45516
-40545
-3798
65679
32560
60261
39921
-54306
49762
-61083
46015
-99451
-17150
55923
-34748
53773
-74354
-95750
-79081
96208
85529
-33187
60074
-15157
37360
67440
-76395
68390
-55885
-50977
20106
-48814
-27664
13060
29823
11501
33073
84005
-80863
33068
-52198
-61322
-52120
-2743
23324
82466
72778
-75781
-24581
-87925
-63285
62950
-788
-33442
-57731
56642
79293
15791
-91432
93670
-63473
35199
-67273
-61940
88831
-80655
-7367
14633
51646
27421
-56537
-56962
22453
14392
15905
-56384
56582
-44529
65965
49464
39514
-21914
-89988
-72649
-47043
25825
89795
-86675
8469
93258
-27638
-3023
-35421
-4630
-46932
80413
-46894
-60137
62967
15844
8759
71102
-31391
63683
55885
50838
-22350
-74339
-53287
-20486
92972
76942
38362
44031
-19590
-69571
98046
36916
69958
-15160
-66697
76156
-64736
-53391
-53035
3285
-37285
-14518
68413
-76169
17327
-34326
-14790
83934
99121
22816
-17646
-11327
-60919
77948
-6727
-77314
-88699
-23184
54775
22463
81400
-35542
-73291
-4826
-27029
79488
80553
-80096
-57675
-2572
-83261
-86175
-48369
-38484
-83054
85907
31717
89507
-87717
20066
99310
70864
-26943
16350
-79189
50181
25120
77248
-22846
70013
19931
56359
-8680
-42941
70941
-59137
-50299
-920
75065
-9452
23364
42641
-47723
11634
6865
92115
19676
39326
-40159
23972
88010
-70428
97227
81953
59227
-27566
-9188
-18368
24820
93711
52217
89192
52735
18280
-38616
-90070
-67721
92146
-15135
13512
-38002
62257
9190
30966
93765
58902
41488
-28728
35530
35935
-93810
-28562
-3834
-36876
97095
-1815
36848
-90770
46668
-73217
48457
-32775
-28746
88388
-37314
97032
-281
55567
14230
5746
-18686
-25762
97352
-59202
74210
10459
70269
-52189
-19585
-90994
66117
64343
-87837
22052
26677
-37173
-80020
85910
65824
64915
81021
-47356
15472
-41806
-84882
-4975
-91569
9546
-45376
-62417
75765
-9539
92253
57549
-18611
-14705
90817
54107
45417
84015
-36134
-68270
52702
39711
-88361
66805
-82337
44145
15891
53555
49973
-3312
-23467
11022
4813
15862
-32279
71014
-98099
32977
-64470
79694
-3618
24378
10416
-64380
-58656
-3999
-30157
5270
73052
-96063
-61422
-2334
89016
-12393
82874
59778
-72456
2504
71537
-42496
-23786
-69124
88696
25432
68524
-29259
55616
-36553
-40569
-81965
9225
-95341
47022
-92057
-70489
-28013
67366
95600
54360
-40156
-43138
-67998
40184
87948
18790
-23619
-61895
-62973
-95946
-66316
24082
68140
52003
-79501
8291
10048
65644
-27929
-53140
-6589
-30520
-54914
24768
16097
93568
-12838
-116
-3647
-96092
65517
21115
53408
91325
-12631
-81268
38880
91398
-81574
-43806
88575
52770
89644
-63918
-45512
-99913
-9851
-86993
74773
-60929
17917
-54365
-12813
-86348
-37707
-78584
88816
-67402
85155
-95337
46544
46209
-89659
-48562
-74576
-6354
-22839
22139
-98584
-35471
-7533
-23970
59636
5612
4120
40871
65681
35692
84924
6046
38173
-49511
-95884
97184
21177
28776
-64301
99759
-45894
-64305
2987
79982
-66935
94604
-75932
85419
40408
64423
67231
90811
16968
-97029
-87412
-27726
73691
59982
56334
37383
-95305
-56187
-90388
-41071
40065
95034
-77814
-63256
-14989
79583
-94107
-17782
91924
-74834
82640
-68888
15400
42055
-58985
-4295
-2689
-78574
-3390
-18798
-23612
30679
73836
-44325
9889
-17036
29108
50112
14349
98749
-75811
81097
-18204
44162
-99681
47268
59010
-83253
-68958
2551
93815
92203
-35508
-44132
46685
6140
9460
33291
-814
-53429
-73765
-59446
8580
-10289
-18482
-80768
51252
29272
-19604
11413
48213
-38978
-89885
-96512
-41264
-59399
38910
-68984
-75373
-52490
-64837
-84476
-69828
26099
82368
-52258
85237
-18713
-65590
-11264
25005
-6012
43121
46315
9783
-26197
-76517
-22053
22890
5732
22406
86040
-83386
35145
-76213
-55168
-41195
72300
47152
-46404
-94348
-71603
52784
-48024
11228
85699
-87526
-12728
-96914
8712
-55615
-29422
-22393
10438
99774
-26958
74414
-97317
81414
96414
28656
-69936
20335
61456
48136
91016
75371
28706
6465
81569
-93355
21321
84435
-15551
-32855
-12115
33895
58024
68448
-23475
83975
-93856
-2964
-52172
-40509
74646
-67005
-36445
2485
-9729
-8102
64247
2228
-67109
51864
19020
-8411
13692
-25721
15559
-36659
65758
27371
9773
-10707
94420
-94993
9590
-34201
63600
-45287
31820
89288
41441
-11432
55298
89250
-58517
82338
37478
47499
78460
-95076
-52865
-71371
-13524
-26076
65466
-9722
10600
-41644
-86870
43769
-44459
71371
-36931
43368
30607
46263
39828
-17998
65304
-46425
-60026
85577
84492
-20365
-48430
-71357
66710
-37085
91737
-25745
80623
17809
-28699
-21236
-26210
-68766
35739
12935
-38499
-32808
96895
-58862
-50705
81955
33168
98216
25646
-77112
32402
91902
-76112
12680
3427
40623
97456
-42225
-38453
89417
95049
98041
-44921
50129
-13497
-82802
-77463
86596
65945
95699
-92361
95759
-58847
-4180
-29409
-73540
-19246
29515
4918
49666
-56970
-8288
60333
94613
-7215
77253
-617
32144
40758
43502
92199
-15492
38371
-37389
22320
13222
80631
3543
-29455
-13206
-62008
-46239
14918
-29184
14748
-68834
-9594
48374
-56247
-50118
49000
-96342
-1946
32782
21628
-58114
-86336
28331
7637
73766
99230
-32072
-46046
-63656
7388
-47690
42038
-68446
-4472
19534
-81553
-93709
-93153
-67996
-84686
-6234
-80286
18617
-11345
6917
89666
44416
17843
7805
3239
95874
-86075
-86203
-47465
84183
48090
85440
27132
21964
67258
45633
-3114
8926
-81506
1001
65153
-94422
-67920
-83919
68222
85609
-57458
-13885
95870
-74339
-21336
31226
-43526
-11096
6635
-48958
184
54912
39774
31195
-9337
7266
51082
14407
-79783
-53523
-34030
97010
12401
-24932
-61791
-31273
58081
-90467
-28686
50356
-18367
-48701
-95387
-25804
-56742
45877
12765
-20484
-8356
-35205
-10445
88756
-10212
-33084
-2049
78859
-47049
-65493
-97315
-1943
-7516
53628
-3094
48001
-22146
18437
62657
79016
-40055
-56369
45960
25880
34413
34584
71672
-9417
22974
89291
87104
-70643
-31311
56358
69285
29186
90686
-54286
-79055
10471
58693
-64154
-37849
-92188
-36
97206
-8327
-20755
-19747
-35092
-76184
77234
-17759
-62149
69730
-99604
76190
71229
29103
-29576
-93472
89971
-67722
-92842
-91139
-92721
5138
5180
7662
-37101
97027
53773
-37166
46099
-67759
77204
-59326
-30531
43536
-94919
-62753
55080
-80896
96079
70235
50368
-27663
-88817
-5517
-17181
-51121
18950
16823
-29588
-41127
-19002
-50591
-54266
-43606
-56906
92787
56377
97323
-24823
-85876
-3586
-62665
56045
65364
-55846
-21389
-56980
-85780
68129
85505
94821
68119
-86841
73511
-41170
-82497
99198
58328
68452
-43329
21148
56334
48629
57530
-57655
15551
-40621
78794
35206
92965
-3783
99567
-96998
-46183
-6602
7195
11691
-20091
-11293
90295
56099
48969
-82928
68364
-91427
-48189
-7635
-64344
-26673
64378
-48225
-5272
-41049
67235
54625
24621
82482
-96208
-97397
-45173
-70980
-12722
8601
-61825
11749
8986
-38570
-72684
27451
36812
52565
50423
23454
-87098
-17690
-55946
-97368
-96027
35534
-27401
-96232
8268
-46631
45670
-76922
5982
51527
59582
69913
-80902
43019
-35753
32281
56964
92441
-16
79038
-42245
-58781
54324
-17078
-12230
-54585
61571
-37613
-37492
-25947
-36879
-15423
-93067
-71509
-15891
-15996
-956
-66796
22198
32079
-98726
47170
-72802
-11721
-66572
-98888
83604
-17216
12199
46958
75172
-64096
-10692
25321
41759
-43772
-66342
-53762
56620
-65475
-62204
-8193
-5984
14324
-49731
-29476
-67352
31882
-54926
-78795
474
-67761
68519
-44793
37637
-59338
-96765
-41002
-57580
-64474
9000
-6112
-31451
98975
52786
-17693
-33254
-86667
-2984
70509
5697
-60161
38621
21615
36705
76249
52977
-93188
71728
-83769
33826
56374
63219
-94416
96240
-38444
34797
2511
-98459
-97665
19760
5278
-7010
32794
17211
-53467
61349
-72316
-39417
-79678
-86275
5138
34332
14275
-24321
-24104
-94720
-30597
-4454
-70851
87432
-60984
14412
-66892
-32118
-77496
80602
7533
21688
71425
-84653
95511
44464
-71873
-16447
-7633
33478
31120
38980
-52579
-38527
-59677
-27824
-51056
-70915
-80317
-66284
-94450
-93278
-75691
-589
92607
-92832
-8907
-49468
-23036
-6165
-10678
-61532
40482
-48805
81643
-67810
-97616
-42608
-17858
-81821
15015
-90079
17521
92006
59044
-66621
-54082
-938
44420
-34665
86786
-88086
88854
35400
-88843
60740
-26810
-10891
-66718
31656
162
61249
36054
-23305
41152
48759
-56649
64490
26347
-61903
-47353
1588
-77659
93988
-13511
92080
95500
-75748
-37033
-83643
-1829
-70778
71326
35180
-80642
-5241
-49832
32953
81951
-44350
17224
-76605
58657
94801
-49606
5583
54114
-29027
4597
-1018
55043
-61900
-92136
8256
-15832
68067
63013
71841
-62453
-64084
7063
-27607
7041
59237
45019
-13595
96265
-17144
74494
58363
-336
-48579
-91996
-67144
23395
-19735
60054
-91198
-69027
68827
4227
-51842
-14844
27257
-25774
14985
-70486
90787
5793
19012
90115
-98621
-78429
37453
49909
47735
-52987
42228
-13415
-41936
-58474
-21606
48161
8449
-47455
36810
-28211
30797
41904
60470
-36108
-15686
16867
25526
83501
89463
35813
81356
-9959
24873
-54207
90358
63204
9614
-52357
11431
16946
77565
50573
93737
-58277
61451
-15853
64525
-65925
-12529
-4214
-41204
-84124
-42097
-88853
-87486
-89399
75392
-4228
86127
49683
42766
-8485
22122
94173
94348
-36141
70991
-29060
-53926
-53467
-87670
43848
48772
66485
-21355
-23011
-96154
-31743
-92839
41676
69724
64595
-53628
-48625
-63069
-27409
24483
-39548
18411
-54117
-14078
-20566
96744
-40727
97790
89923
-350
8339
-48843
17124
-61074
-32252
50954
-38506
52539
-85481
-31113
-14347
-93582
81851
63816
-38023
-71296
803
-6247
9787
-32949
90789
-25252
56427
75348
-67949
-84161
55426
96985
99636
20911
-51966
89405
55893
77736
13009
-22070
-98092
77083
-52964
-78015
10078
83786
69009
-59257
-72565
-62544
-14752
77488
-71644
80550
33179
-38111
-42292
-16216
21939
-58758
68831
74824
11807
-87838
2015
44093
-63200
-29096
-57358
19866
-19812
75931
-68919
-10111
65813
23924
-34123
-75749
-49124
-63138
78725
-58076
-71326
61589
21481
-24062
-24722
-23720
48002
-30280
93975
68099
-11866
-92942
-54681
14256
-1246
-38750
982
74428
-74163
-2629
32465
17716
41227
49529
-55019
-68051
63132
11223
-17777
95089
-63312
-67746
3657
-46158
-11370
-63406
11541
26326
42161
-59243
-88867
-8161
14475
-95498
-82361
-47071
-1996
14383
32596
68378
-76436
-27885
-72777
-15689
-13223
-515
-69535
-17835
-17052
35959
73905
-62080
49696
40068
92629
99308
58585
9080
-11714
-57646
3656
72616
-47256
12976
-69369
57539
93489
22587
73974
14854
-44513
-42924
-65820
-68046
57417
-16905
75216
-67053
75144
24293
41313
83538
54404
-63811
98649
-28991
73193
26542
-39455
-44449
73993
89439
10268
-34716
-35219
41393
-83686
70879
-55405
56364
-59983
-60673
94876
-35821
-50079
-78662
34874
19204
-37797
71123
7039
-65281
-48932
40457
-91177
50195
-58483
-48903
44889
-66078
14284
20900
20265
94685
64240
45959
-36114
-93314
84627
6366
88866
-25985
-25395
-5188
-64443
64814
27428
83418
-80183
-30234
53291
-38370
-49947
72318
-72176
-24905
-79706
-90384
-38450
-3055
68792
-89450
89198
51342
75568
-31580
-65082
56152
62286
-22059
38882
-92597
6337
51098
27832
-60797
-46060
-36014
-7886
-85368
51039
18929
-13057
-5256
32804
-30631
-49504
-58592
-16569
86106
71403
-44293
-67439
-51373
24033
70868
-48925
48552
56983
-20187
52833
-59503
85992
-97862
-6181
-40807
-13413
-49517
63048
74889
50527
-73529
-82024
286
79930
37036
-76890
90354
-49558
-83531
23755
40655
-69500
-99872
-19507
-65682
-66614
-66723
28116
-16098
-36155
10825
23133
48152
71366
55521
16824
54218
15003
8772
-66588
-42420
-25018
-91657
-31352
23869
3384
-99964
96261
-72660
38760
-53257
-5581
24429
-79778
98042
-99664
32290
-5177
66789
60012
58457
36532
-31910
58238
-55820
-83668
-51714
-49257
86792
-13689
66001
-30707
-63580
20839
99979
-9050
4592
54940
-21270
79055
-55062
29883
69918
-93033
31677
-84884
-8577
-93390
38406
-88905
-26187
-82748
46070
-27599
11270
-98678
24619
-98960
-15699
41103
-89593
25560
43018
23104
8320
-52826
-39581
-70919
-97692
-47288
-52627
-57709
26197
93830
-62908
-14513
-19669
35987
-98751
-59492
77598
11252
5558
-53065
32462
-99804
28340
76763
1517
-50420
38698
-70602
-37448
91214
-19239
66233
-10969
-242
19791
-88131
-43549
-10202
-44209
89281
70393
-79873
79901
32083
-51833
-28401
25288
-55481
98473
20660
-39379
-91857
-38798
-36557
72793
26366
25490
-64717
40142
-4697
68839
-66533
22919
74152
19997
-57283
-8820
89225
-20095
99567
6616
-9366
-76576
-48740
-93046
-52062
63567
-5187
-21564
-83451
57417
20119
-21386
-29933
-94847
12466
-71685
-17085
-11427
92801
-44119
43794
-53720
40781
95729
-44127
-64739
-36947
-34621
-70142
93329
-93223
5572
11505
53045
64293
80221
42608
-37088
-83464
-87403
-86674
14242
-50151
-50483
-65992
-24375
76035
10758
-24288
-31476
-46597
81219
-99785
41823
13863
20523
-94479
-84983
61124
-14489
6502
-10749
-33405
30864
9430
-30872
81750
61091
-443
-89103
1135
-50250
-93464
5454
58239
1810
-61241
61473
3810
5441
77691
4892
-66171
-56726
85281
24175
-75397
90716
54608
-5014
-22298
66938
-18214
-76483
46382
-26426
-61583
47139
-65918
-58366
47414
-65941
4269
-30977
-43858
-8216
-33848
65582
87863
14952
-41344
-34065
65188
-35001
48879
-24453
62769
-91480
86838
-81580
-12068
-40575
-74779
73251
61670
-66596
92940
-4943
18371
-45318
-89660
81683
-7093
-20449
-2802
-41013
36412
95318
96060
-9475
85513
-95411
-52670
-46624
-60642
-253
-29091
-99214
-72511
83652
37996
-2776
-91380
-93773
94948
-70167
55816
-90110
86982
-33918
-338
32226
47671
-88067
94904
-71895
-92310
62272
-44989
-71893
14638
-7650
46579
-70669
87430
35399
-76813
-46888
-28429
45870
44302
55216
33537
-12649
50321
99840
-89292
-25910
-17302
33818
-5667
85775
51769
42568
39476
47466
57216
90330
-54990
11273
897
-83718
39821
20869
-35135
-91734
-62154
-35361
-68639
-36571
-79020
5960
-13068
60228
38401
73119
-7335
39201
-11459
-35437
-36386
-50971
-73420
-86319
-58021
95414
-85377
68053
-71669
56925
11441
-8035
-54478
98469
-69044
87710
32200
56966
64898
-52766
41638
99933
28055
-57676
-44424
97254
-25630
80965
-27465
-68553
-12197
92867
77364
-75529
-43794
-66024
-67021
-80575
-63342
-12700
-95663
-28075
-61653
-86583
-30446
-62224
-50903
-93574
99980
-95725
-42881
-29671
-52009
45008
-79239
-8624
-56166
45602
-52201
-17159
-44639
-87086
34336
42043
-54418
-21663
-78504
-88782
46142
-77583
12
43774
-53197
-73034
-28559
-9363
-27190
51956
6276
37701
35530
38459
-73699
-22657
-88394
38683
20326
-31639
30675
95879
-9784
-8931
32703
52136
40200
91204
-33338
-32630
-18930
-48414
76414
-96077
-52961
-13015
-45839
75642
80794
55859
-40310
-7751
41498
85498
-2303
-28880
-44068
6139
49584
2890
60975
-71580
-13961
-21883
-95353
-61515
-47143
97568
446
-82170
-72549
-24449
46558
-83409
74634
27661
-31216
-55478
31218
-21648
7553
13024
28734
-22753
2760
-64629
-29042
68997
88973
-80965
-54718
32929
-54303
-18627
-37616
-1482
10818
62319
94032
74123
13207
27483
-79891
36409
40754
-57925
-7918
-93260
-71523
55887
-61112
14939
-69957
-6234
-91229
12076
-69198
86376
17513
90200
26193
-39980
91345
35492
-54299
3279
38670
-42433
93222
-30804
56117
1221
-51503
-82401
-98458
-8314
2734
-16937
41212
-35474
3100
86514
40514
-36915
-78324
-67642
39069
-87513
-99189
98890
95694
73937
57554
-77783
22307
54170
-69988
-43683
96710
42715
-64390
-57727
-65717
-69840
27063
99852
-34670
-48402
-81519
45954
-24997
-72477
-38661
77481
73076
16260
-8969
-19706
-14693
-31460
78837
-98552
-22113
89071
-11952
92567
-18162
15303
49672
-57329
-64986
94413
-25154
55306
39514
89611
-80658
-42163
-57568
57111
-454
-14277
-33807
42569
-84562
-42940
5412
87124
5914
53131
45563
11394
87046
79667
-29145
-80646
-56106
-59685
98684
-43774
22842
85662
-49857
-79810
-97959
70824
28247
-38087
69354
12338
11114
41408
-24145
15181
-93049
-64647
8247
-66018
-5081
85736
48110
-91885
94677
-75373
88391
69132
88028
-25649
15811
63195
-19916
23991
57016
80152
-19085
63844
88026
-1496
-43659
-37885
-63107
21044
-29652
-20141
-19437
4311
-34605
20940
-67669
-99295
97580
38703
-99657
-27577
-10956
1788
43126
64776
-26451
92877
-2416
34353
-49939
5505
97054
39121
-32523
-18348
-88037
34662
92530
597
61526
5975
-43395
-14820
17523
-27451
41320
-32067
-59418
77925
-35557
-75950
-57631
44516
-28103
29456
-46183
-92738
94498
-31113
97554
83923
60886
-97871
-26597
52572
89523
-22018
83713
20922
48312
11350
88128
-71836
-29637
-42257
-51112
-15321
-75079
-18950
25720
-61987
81517
52687
50901
-52589
68447
2708
-96530
-5074
38627
71609
37868
-73036
-24207
5456
90470
64018
86148
18152
-8421
-8139
77219
55806
91250
-54741
-4263
-58278
-42977
-78178
90724
-79189
48877
29391
-74966
-4442
35053
-3374
-50376
53427
52467
-70539
3603
-23646
81498
47689
71558
52122
77056
-19283
29563
43821
12950
-90391
-52373
-91559
36180
99242
-30205
-64765
22231
-72503
-55124
-43973
52158
-59127
-79029
75813
8226
-67836
-95952
14264
52480
32843
-77041
25351
-34862
-75365
96026
70045
-9548
21952
1406
88124
29741
-3022
-40718
-39131
-34347
-36232
11360
83028
30104
-25995
-45069
56653
-80147
-24677
-71322
-61923
-58093
90580
-33426
17458
-58640
-40936
-86672
-39194
49284
46067
31782
-46053
-72626
14993
-30687
78083
-85738
-45707
33783
67441
9352
-43078
51020
2114
39425
87924
-77057
74413
78139
93207
-25512
2928
-58480
-62433
-44281
13384
-85780
-76916
-61497
-30738
52401
-50228
-61193
84497
25502
-31112
5863
-15878
3533
20106
-27662
55182
43825
81377
52899
-67926
-77550
-75686
68298
56562
81795
-23922
-57738
56012
-10321
-10139
79237
-42461
-38025
9454
28420
-38464
-31420
8537
90825
32951
73162
82412
82369
-82002
-21676
-61270
70476
-96651
52341
-14396
-31977
66980
-31498
83852
-48906
41161
30714
-92536
-74868
66534
77304
84886
-16854
-46247
6327
-11621
23140
83401
-44717
22123
-20929
-69879
96995
-22593
43819
-60286
-35895
-46472
-99787
-2972
-2809
-58548
-7084
97222
65258
-59913
-14772
2880
-11730
-95548
66402
48662
62123
1025
28099
74313
-37710
-4391
-91129
44038
-66465
-84129
50055
9465
73495
13918
13747
-24539
44052
-14582
9343
65263
-31074
44941
81215
-3260
26872
-60630
-58827
-59873
9819
14332
90496
49308
-31412
-2078
-20320
-18274
85473
79093
37592
-91019
9356
-85901
-57501
41941
67306
47298
-76140
35452
86036
13503
27720
-84084
-3539
27280
-97076
-50022
30525
93973
-26023
-11856
-39618
-91736
52679
95487
-40040
-24504
76225
-36793
76129
-9867
16236
62328
95850
6251
-1064
54502
28927
-73463
95054
-24995
-14954
71598
-22187
91343
-66767
64669
-90142
16372
-89811
8728
-43856
2236
3577
-99657
85504
-63771
-39350
-55072
47410
-15585
-72187
9305
-1103
10450
-96435
-13960
88411
16590
-78223
-34127
-29170
-33582
-65040
17329
94617
91446
-39404
47904
-31669
55575
69278
59566
-76614
-44900
70575
-98998
-44797
54035
-21678
49848
-40243
81569
56888
-43179
64576
-42484
25197
-67130
-45523
61742
-34634
-62407
-8051
-9916
83066
93536
-85885
-99109
-12101
-42650
-58597
-45201
-18948
57400
97353
85821
90538
-16436
-52705
51450
-95746
72369
10575
-67074
-47753
-58237
73184
-55441
-30823
-98103
-4224
-35857
42815
99493
49733
-28456
59239
86652
-89358
-78022
23054
79988
10385
-28653
-45580
69900
-17903
83053
-57125
-79824
54047
76449
43864
-85282
-12386
-78234
-8804
-20271
-94150
52051
-86651
-15463
29624
-39155
4398
-1561
96199
10192
-73441
62453
-46906
15476
1076
-12959
-21341
-22712
70617
70690
-11820
-94357
-33918
16645
-33777
-53814
3637
62206
1406
46950
21823
72658
-76380
26281
-88209
23011
-49671
-4340
75912
80615
-43320
1761
-9286
76165
80012
43811
65071
-70437
68197
-89846
22878
43924
-80989
29386
-45364
57974
19397
16885
78495
-35820
8570
71801
38727
-13635
52187
-70785
43725
36092
-11000
-30554
51920
-85281
86995
-76668
-50949
49718
59439
58911
50796
-26442
38052
-20851
48364
731
98593
3430
37265
-79688
-91168
-48358
-27235
-34849
-49889
-98417
-98086
-69109
95827
-29711
47468
4100
36442
88973
25703
72745
-48045
-96752
-43605
15515
-50338
72387
-31071
-71550
-42277
-31801
9657
-5124
87539
-31546
93713
-5205
57508
48295
-99852
-26731
-32008
-6264
-98021
-70765
-45245
-80107
-57
-61133
-59858
-39295
-25957
-22724
-17090
86779
-61075
83693
72490
94002
170
32940
-9088
66590
45067
-69039
86896
22349
74591
65576
-14118
14892
-37116
-80219
-37294
-58650
-76188
-77239
-84
64618
-85504
75018
-3847
47519
95398
-49040
-75275
82331
-77559
69816
-812
41692
-9943
-20028
15482
-26695
-79192
-86073
69710
-29335
-52395
56305
-4182
-66725
72098
93911
14529
23348
2802
84642
-72999
-73088
-57415
6391
-16668
-96898
42950
21925
41421
-11706
-13823
-41044
64342
-94135
-30990
-19464
63520
32180
-54820
93678
94484
-88393
-37921
-80155
32437
-75375
27996
-32035
28288
-50078
-12966
-99914
-80633
-82458
81277
80534
-25098
-71878
38955
-77968
-58590
93128
64095
59237
51687
90853
-29433
-82161
-39179
-35544
36071
-43752
15650
36969
-45333
77415
-11267
-52733
-18028
34074
40562
-18405
2771
82420
-51544
11583
31585
-50543
83182
18915
-59739
9485
-60979
-24487
-87964
-9724
50340
19162
-33682
-58221
-44654
83983
-56308
10851
88110
27515
48450
-77191
-32504
-53501
-25864
22692
94547
98277
30963
-13421
69308
-89960
39446
-29242
78881
-47992
53890
-95845
27266
-41551
80382
58141
-45379
36815
34891
-57821
-80853
-78179
98120
23920
-77808
-16694
-66839
72469
-89277
19080
9235
-95084
97133
-59734
57655
88863
7809
-37835
-71524
10854
45998
23946
81887
57438
-70125
63903
-97306
23294
-79150
-90478
10788
75628
46109
67637
68380
75605
-22632
34002
-42250
-22580
23069
38863
-16293
50166
96240
-24181
35389
85902
-90233
-23269
75431
44507
58794
80565
-8682
-90610
46587
-49700
34925
-20572
90135
24592
-50249
-70448
-79951
-80033
82572
-97309
-59465
-60621
21793
-21282
-85460
-979
-3345
-43842
-47125
40069
-5297
69123
84783
-88409
-25444
60611
10281
-22820
70985
33381
57463
81310
-96275
70459
84837
75181
72530
-3025
44414
40757
-93823
83352
4165
84369
10093
-35042
65908
-85112
27314
-68976
-86551
21814
-18834
71089
93030
-44953
-95212
71413
-87518
26426
-22371
65696
8588
-82161
-19884
-89574
68079
-30491
68209
38138
88939
39786
-51593
92284
-89279
-98429
-55866
-86829
1429
5329
53084
-87874
-82671
16546
1745
75157
15882
21905
-53604
-17163
73662
69916
16087
95279
26501
23805
-17486
-57270
66450
-69647
-19355
-45757
-44857
-56689
-46017
-2535
-15577
64194
56269
-4746
-67745
-82159
-25403
39512
-52192
88707
50043
-71540
-43949
46667
-78397
-576
-60511
97025
-2796
-4609
85269
-2727
39048
-61602
98755
-54606
-26496
-40429
-29007
95118
-40083
71110
-18736
-27027
-92438
-94829
-55272
-24622
65420
-32875
22390
14589
40667
-49586
10505
35538
84859
-40623
82579
-59989
-61023
71514
78602
-34615
88703
20870
-287
-93579
89765
30321
44861
27897
44536
-87470
99512
-90947
-14755
82425
-5052
60040
14236
64531
-73941
68821
-40520
29087
-29767
-84275
69319
6880
-40358
63472
-15103
41194
62159
-34671
41964
46420
28088
81979
-9668
-26748
-53395
89916
-99739
26548
91189
81315
16540
-15215
-2194
-82981
-54310
13625
-48554
-45703
48309
-37295
16925
-52902
44868
58225
6210
-4659
36979
-78270
27373
-15889
-59004
-88855
25239
11235
-80292
86827
-16204
54526
-67307
-64337
-32783
83014
-48869
31819
-93476
-60268
66112
-60732
628
-48744
86340
-44965
59081
-7223
-6529
-90972
67007
21130
-34512
62506
98436
77279
56816
96941
-84064
-52261
-3965
-94992
-57151
35931
-75765
67893
-61895
33449
-22429
-43774
51194
-40435
-52207
-54058
-52026
-23990
-18113
56922
-68580
-63166
-67549
-7341
-75867
70877
17922
12047
33312
85583
22320
-66435
19866
48993
86371
52069
22287
41186
-92156
77108
19820
-53166
86104
-46725
75639
-55408
38519
-14006
8266
27653
-11441
73968
98784
-62851
49142
56380
9766
76100
-21907
-81643
-50584
-19538
68986
63210
-9179
-99448
-56618
-48983
80570
3040
-38493
-62074
-73729
9511
70337
-3147
-10000
11316
-98290
-28422
86563
49767
3516
98304
3338
83616
-60488
41801
91619
-82971
32389
56409
48047
-50826
27259
-65310
37134
-68413
89873
-99368
77525
-95648
-59643
-16561
10032
83562
-68521
1435
49230
91860
-23888
-76572
-76406
-24003
19082
78688
-26694
23348
25459
-80366
-5393
24675
-29065
-28249
-23307
-13300
-67154
-88476
6184
78392
-55560
-51850
-80598
69215
77838
-96419
81368
55312
81956
64639
-57320
-91331
15932
69106
-96483
-40101
-1973
76041
10942
6522
80316
-96149
-55681
-34568
-3051
52663
77425
18322
11110
13381
-32826
-5581
-21231
30432
-75192
39417
-90519
-28519
-40821
-56151
-46034
81966
-50195
-43006
-67679
-40052
87928
-19627
17637
-58359
56445
48948
79374
-83207
39
-25473
46438
31189
61809
3088
15810
-92220
10674
55491
-1545
8383
69815
-64697
39212
-66943
20371
42307
-47125
-21368
-73990
-69496
-81455
30597
-33616
50813
-16555
46809
-21976
-4392
-44645
90530
97311
22879
90530
-25221
10258
27844
759
-12854
55256
98031
40452
96905
-4644
38461
47742
-7760
-39373
-76290
35796
9647
27944
-26009
-14794
20878
51955
50366
36609
35877
94197
28604
-11390
-4449
-85587
84798
68735
59344
-27895
-77997
-45500
25612
-68340
30680
54469
32444
-60628
6232
-27846
20061
70749
-4488
-36243
-26437
17934
70681
-25390
16169
17179
-78212
-54812
29838
98981
-24916
-12290
-3678
-4105
-63164
-32376
-92643
11890
-70550
8800
27895
63131
46856
34958
80316
-5380
13595
-44130
84156
5187
-6105
87372
-14294
89167
28418
61794
-68957
-28901
24603
91284
-73386
94519
-57968
-32600
54120
88776
-88451
-60249
-9702
-13803
65625
-59867
-50205
-23097
44799
7358
-52972
7579
71076
84815
-58939
-54676
23199
-98689
90185
12812
-4482
-65287
-94782
37978
9557
-43669
52685
67561
-90737
-37306
-90637
-73241
-48860
11155
44049
43601
80078
-96685
28633
-64611
75070
35980
41991
-67369
49102
-90229
-62709
10846
-74495
55447
38310
-84484
-34881
-31646
-97548
54199
-11602
73715
81316
-56025
81858
52557
-66531
54615
23238
60441
-33513
81073
59755
-5568
70868
64054
-72409
6876
-317
-76264
-90177
-73550
15129
-4379
-10865
-19563
-82623
-18261
-61138
-76846
96057
11210
-12526
-46279
37634
90504
-57985
-58246
-8820
46108
87642
-34316
-29200
84446
-19834
58363
-67850
76687
55840
-71640
-47359
91291
30252
59668
23593
-46510
14419
88854
38399
-93022
96321
16191
8127
-44697
38054
84623
78173
55311
1505
-98808
-64962
-4048
-21739
-93879
51205
-34328
71495
73397
91257
-74961
54204
43355
91322
32343
-80813
-12730
-16749
38300
-41589
-35528
12446
3649
5688
-74615
-7534
-92802
61988
-20839
87036
59963
52226
48214
-99021
-89922
-61528
27083
35899
8852
-34610
74382
-10214
-70166
43273
-12205
26974
26934
-77157
34961
-91025
-51376
59233
-75126
-99133
73050
-66529
5189
-51424
7452
34607
50465
66831
-45878
34852
-8726
-33858
47075
-46824
-22197
-47700
-91126
91763
51008
59131
-95248
-52427
8002
-22351
56247
-3554
-95798
-87279
-67352
74140
-35208
-13429
45554
75435
43941
-33819
69417
-91186
40473
-37161
-15151
-79455
79461
45200
-1564
39356
-236
81417
-95790
85501
80835
-69546
15020
87421
98611
-55927
-92470
-81756
-96197
-90091
78200
-44930
42636
89589
-88835
34783
-47211
-33432
-2918
-82376
40049
-41040
-13188
-65567
-10770
-74772
72388
25226
-23025
80878
-47885
-94467
8994
-74397
-64496
88478
38440
-29049
-45489
17748
7674
-24481
93216
-90299
43330
93600
71462
-70473
-12505
48411
30237
-16724
-99486
-70688
24027
-99446
-8673
18668
-25454
-51166
-75509
58915
-79971
-32391
5093
79768
-14505
33136
15116
-36413
-49000
-58253
-81926
-51999
-92883
72704
-88148
65953
69167
72332
12578
-99525
22568
60811
24100
4643
-33820
-73010
-2102
-85600
70677
14348
-53505
-66659
-87075
66464
28479
-60011
959
-31853
96092
-45620
-7624
99025
73359
65415
-4610
-42037
20164
26116
-57174
-43926
-71122
-53109
77865
-12057
-24822
90067
-79205
-86534
796
-48499
-50177
96488
-69073
-95152
34909
14496
-9006
-91042
63892
-32273
87299
9337
-36478
-17856
-36482
74715
66382
-36625
3578
31146
-855
38868
39516
-17341
91782
-97125
34577
60946
-60573
-24875
79741
-12602
50876
-37115
32652
53155
-16107
72023
57587
-36093
97571
-21200
-27234
-86547
-30250
1991
-84220
-5373
-70891
74868
-34646
2422
3365
-76456
-30906
-5667
-10715
44102
-57759
-10885
464
20091
-78200
-15123
-53041
60296
-46535
-87648
-28971
-85375
-93243
-87384
74388
27210
-60890
55139
57700
-10751
-78102
46199
-64827
83020
-42725
45420
87671
74621
12478
23184
94312
-7772
19353
-34165
-69373
-74246
46571
-23060
61345
-66847
28200
31557
-72101
63565
-32878
-18099
-85694
33034
25832
-3114
13611
-56722
33072
19200
85607
-52346
68930
-6156
-8481
-69147
37381
26631
-21944
68972
-85053
43255
-49247
-39822
-28271
-7633
86845
-82993
63353
-4987
-85728
87654
25159
11567
-34769
22448
-16260
-92655
-16220
18537
-27631
28427
-80356
43454
2812
-41589
-75352
-7137
55765
-91921
-96703
-38412
-15673
-82908
-13966
42443
-61044
-87872
-33765
-15630
-6581
-74395
78427
-12864
41630
63917
-49035
-99739
13356
37467
73357
-44989
25978
51745
-53198
-11990
-32907
64666
-83810
-69696
32327
28782
-50486
-93074
-60252
91185
81272
51984
57045
99344
37792
95346
-37835
-54136
-61931
9556
42532
-1761
-75714
73672
92794
-95289
8731
-98792
63155
36717
-84444
-184
9698
-90474
87577
27635
-24051
97323
-3087
98459
12708
-347
-8829
-74061
66603
-84223
88542
-50348
-14072
6256
-36323
-96563
69728
29741
-57947
58937
26753
-27033
-93549
-82321
93330
-51175
-21591
-619
-76927
59423
-59777
936
34901
-42903
44169
-40947
-94829
3852
-96462
-50750
56881
-23939
-4575
26529
4359
-20405
60615
70297
92448
-66024
-14288
-71431
-96710
-6604
14053
-75084
99419
44697
45591
-45261
14353
-26973
-48302
-17904
-17555
66531
66467
81422
73837
-21084
-48636
-50801
91003
9958
67785
-63956
-56238
53200
-13216
-55098
-76176
-64865
40553
-85484
-56265
-96399
-3107
76911
-22414
-82808
-15169
93653
15067
65642
-5682
82291
27606
-30947
4520
79318
47960
92115
54066
4842
46291
44748
-30827
83511
-77953
-99266
-94348
81486
-11389
92649
-7011
60840
92059
-82161
-49039
-17129
77678
87348
22301
-54181
60313
33725
55671
70297
-18524
86884
-78643
-7053
80010
96738
29694
-89670
-49242
50736
-6132
-41631
-59931
61081
44756
-86331
-51217
66368
17224
-83380
18394
94050
34594
-56073
-18114
56914
-54693
21947
-32184
81044
-32044
59401
80756
-41317
-1121
58202
40030
-49759
-22535
-75592
-2964
44305
-3303
-99141
-28572
41411
17105
-2344
14902
-92751
-88056
39780
-51598
9281
-62149
50933
-20811
-31703
-55828
-55259
10440
-20504
-72218
76572
-12494
-84103
-18201
72044
67191
-21878
81233
13068
69422
26741
-59790
-45220
42992
13532
34916
-61020
-13800
-98271
-13155
49100
3582
70526
24253
71592
-87125
-24436
-27378
12587
55425
17998
-7109
-33028
-23068
88951
12998
47720
-99133
-30671
65242
-97614
-33440
19512
-61221
-25383
-5057
-85093
-9769
96295
-85128
-91567
-279
-20005
-7939
-21990
16607
-35578
-5788
-41567
-5431
-86376
-74810
78034
-58554
-2370
-25876
-40309
37856
-95944
33421
17185
-41301
63019
38322
42225
6116
-88470
-58436
4702
44440
45976
-99277
-19159
-80018
-95364
54953
-68132
-54097
-45598
-17362
37697
-87649
84283
44147
41533
-93409
13501
-56926
-80868
89165
4788
-37758
-26413
-4606
-99153
-69995
66684
-19978
42605
-67483
1801
46460
-70904
33903
34951
-70644
-89273
-46437
-14389
-69898
90375
-19323
-94618
-20379
-22468
44852
-62224
17864
-6420
-6069
-96539
43356
2483
55633
24145
-75756
-13692
-66047
-35573
51908
12214
-56557
-98707
-2581
-80678
-56707
41210
-94789
91144
59748
-33189
49597
-2004
46473
61577
18803
-38078
83745
-3156
-54625
59420
-4995
-10538
-72360
-84244
35171
90774
-87790
75068
-28486
23931
-92101
-31806
-70925
45157
-54693
-5981
82952
-5630
-35165
-25005
-42799
-66054
78854
33051
-3402
-29043
-13230
-49197
-22163
-3236
78359
-78020
16599
-16278
49447
-76651
2401
-78945
10411
-82712
-55247
-8246
72450
-45334
-3892
27311
-99352
-79547
-34707
23423
-35029
69117
-19995
-68248
-17346
-89002
-17963
-68908
23752
-57581
10601
-90468
-45138
-56429
25557
51781
63310
-94122
-54904
10262
-95484
44875
-57959
-82740
-98464
62325
43703
89901
-78524
56017
-36429
-77345
-9667
89434
-62409
-9126
-38312
25530
52784
24118
58324
-28616
49264
28616
-50021
-5799
94023
44343
14720
79540
-43395
3403
43673
94095
3398
24792
-21371
82503
36697
-26934
-79736
-9528
-14380
-71553
-75364
52682
19710
-80557
-22218
-84635
48971
-81979
87143
-98767
-88121
-2091
71233
-12688
46090
-62816
-50559
28007
-78057
58903
-35404
-35037
34703
73479
53375
50665
-37979
48066
-30661
-82771
21003
-23951
-17188
-99817
57039
60428
53567
34431
-97017
131
71322
-35727
45656
98235
38323
-15632
51485
-9003
-42375
-71999
-14794
-98311
64555
-78373
-93571
33741
25228
66700
-5351
-67051
90449
25177
-47787
-16436
-87953
-92514
46462
9682
-81967
1727
-91661
35935
-89444
-92428
96890
-26419
-15761
-96510
-62269
64606
-11839
69674
-21676
2295
-13983
55202
-14191
-40474
-45747
-85697
-52531
-18718
-44460
69549
16560
63182
-93771
13252
-51991
-1898
84199
-63864
51334
-79601
-87535
-94963
11586
-3898
-33263
-74754
37352
21400
-77389
-84656
-31235
-86016
96876
8554
-79873
-86654
-62907
18038
74505
-51064
70390
69703
-62797
92878
-65600
-74487
-21452
-48171
32275
82644
22797
-89438
-10928
44134
-38198
-82441
67703
81161
55602
-85104
28966
-80797
-87890
-15954
-86758
46022
53642
-58720
-74990
22322
87523
73078
97344
-68957
55085
1475
35295
78204
-47729
-70507
-64596
-3160
52257
84904
-88367
-96093
22748
5081
5857
-90486
-18506
-98498
84890
-5878
-11479
-36103
-66443
65917
63077
-38800
-5466
-63740
95202
95003
-56152
1165
16352
97201
-99106
80865
34524
-58412
3742
-61677
-39275
-46187
36664
-6450
-39704
-44074
27347
36438
81391
84694
1480
83886
-70641
-83323
-48554
79906
21005
16746
-52980
-36418
-23263
5575
99049
-42133
80453
50037
11212
-17262
-41174
83662
-69055
-89737
748
2103
94716
21778
84230
49450
12169
23602
31936
2740
-92460
18477
-9620
-28785
-17034
-90510
-75734
-38348
47849
-64943
28616
53029
52004
51999
65025
898
-23210
12461
39120
-9324
3828
86195
25944
-40154
-77696
7238
6877
41421
81807
2942
-70756
5079
-76689
9303
-95804
94215
68071
84616
-70228
-982
7497
-15441
29432
-67718
66547
54401
87858
15723
-10530
-23481
-1304
69307
10079
9027
-92580
37417
-62775
69739
6127
43374
-94470
-68571
31988
28614
-54127
-39369
58204
-50192
-58783
-38273
-6317
-57774
-25202
73120
-28129
59114
-78150
-58728
31603
-44863
-62946
-35961
80945
99097
2260
-57402
-84538
-32057
8126
-55339
46680
-45690
-25238
-55186
-39197
18712
50080
28196
65745
-23685
-71416
-24130
17561
60338
30084
-66449
-85329
47722
16220
-15429
48865
-3020
14007
8676
-7245
-70562
60047
30766
-39206
86410
20625
55353
78056
-452
71895
47798
-85250
75941
-12614
-82471
67160
61449
85374
21156
44688
-8843
1786
90177
37524
79153
-89438
-5369
-32330
59130
91406
36316
9381
76025
-73284
-98705
-46545
-98717
29879
14937
-31458
60387
81543
36202
46191
-67632
93170
3671
-69193
-69758
9692
27445
-33656
-90363
-72977
-86070
42289
16842
-81975
63384
41535
77680
8141
85335
-87438
-46264
-70824
16850
-58255
-21661
43877
38876
-73784
-62591
-23678
-16413
18876
-27929
3991
86095
22469
-28724
-89835
11163
15460
-81111
76485
-45360
-11213
31858
64479
5404
-52689
-58789
29717
-82383
79651
38515
-81114
-16016
31579
30298
61442
-92881
96368
-95967
-71720
42378
-72684
52288
-44659
-98279
-56356
99447
-36597
46053
-77927
78514
78283
8806
33196
51433
-34520
-94281
-28209
33367
-98727
-62915
61638
-3109
42839
-7927
-33862
-73922
95184
52008
35182
-84989
31714
-89921
-50947
-47122
-51568
-85430
93006
93449
42641
-21682
-200
37220
-85913
15620
750
49264
-38684
65519
-52239
11271
69755
34215
-90390
83998
94666
-92710
-10618
80792
-45676
78232
-9822
97704
16717
-36340
56287
-15068
-41340
-37143
-68364
93707
9700
49072
-36307
6578
91115
-7559
45295
66568
-97713
-18698
30224
32606
-776
-64708
-67144
26224
10715
45140
1241
-72786
72346
38522
73602
94171
-72204
-31675
55724
21225
-42966
-39471
14890
-66639
21812
-7364
80998
-40771
-53572
48448
-64682
15656
5451
-7969
-26861
99576
11159
85580
66263
-37497
-23568
49361
8685
-31342
77863
-82782
-83504
-98575
3682
-62426
-41419
-32641
-56539
-77868
28760
50247
-41448
91681
8
-26419
31376
62840
-2084
87904
79773
-67426
-28934
-34339
61375
-61155
42660
28005
-39973
-36739
82209
-49465
-77306
-20153
-91561
4405
1768
91095
5953
-75926
-93686
-81073
-66565
-39897
-37580
-40385
46908
64254
-89259
1435
-96510
93473
23647
52798
-83296
50370
-9029
48353
42868
1428
-89598
13002
38917
69361
-18048
53863
-52942
52654
11293
61804
-94248
25944
-76704
-68341
-43703
60599
-21340
-10396
-25099
-54272
-43754
-31915
-31383
-58695
-52879
-76170
-52840
-69987
15664
-14958
60155
70075
74786
67391
85688
-81499
59133
21465
-72191
-46415
-22148
-56009
-30395
-96612
77661
-74146
97766
-14423
91470
8481
23308
-37919
-18438
-70663
802
1972
8347
89392
-23958
59078
-47929
-76407
15473
52660
77746
18453
68214
-93863
32467
-64604
-22673
-92183
16650
73882
-97086
55407
-34378
73749
-19784
-76968
29509
-14699
94413
-55180
6482
46488
-69383
-31080
4770
-47883
-92470
26877
66052
46435
32812
72112
-81988
-91145
66519
-55299
84010
19662
80185
48055
-64758
-43646
-63811
-60758
21319
15096
64981
96308
-57482
36928
-40970
79920
-84968
53635
13951
-47615
90776
-22567
-99702
85172
-33153
-86138
47334
-44627
77770
4913
-21753
29249
-12127
-58773
-58161
-76265
-38590
-77504
-3306
-75943
-89513
-53575
-42347
22825
21021
-95050
-44806
-16829
17683
-70245
92679
61091
-54116
-16979
29239
35496
66465
85527
93765
-39572
-32681
-70303
-80892
92475
-16115
99801
-39580
-61411
13596
72070
54742
40931
66312
70907
32498
84866
44226
-63076
-20135
-23387
-9289
-90841
54549
50650
93698
29307
40072
31197
-13987
78065
-36949
-20304
-64452
93715
-74265
-60007
27258
55566
-33137
-64637
99492
-80571
76600
-90945
140
-67770
96172
-19694
-91619
23993
-97752
58354
-5284
56880
51347
43761
26442
-8322
-84780
-44596
40805
-97972
73802
30257
-85169
32528
77663
-73166
38592
3061
-50487
87437
70261
-54836
-97154
366
-83166
-48671
24851
85349
-52275
30165
16535
17995
15895
-88848
-71413
81584
-78844
-22163
-97073
29536
-85207
-98086
38271
-6424
27933
47471
83845
-47318
-96020
8050
55758
-73353
74613
-73779
22688
-44952
-17744
71154
88546
49600
48164
-69840
-97832
60488
54758
-89141
90997
-62236
-12585
-12460
41866
-40818
98784
74940
10583
-24706
-74457
-7021
-81958
-45444
16513
42842
-838
43108
-62281
66845
47984
-89927
51931
-99018
10805
49042
1775
6533
41908
60588
-62465
-97060
81248
-77664
25233
79133
-11591
-66321
-77817
-1069
78744
-12938
69534
28300
25346
96028
-88779
47112
33049
40047
41592
-56324
42635
94525
-69428
74873
-39567
25684
25001
55891
-16384
-71272
-52479
96886
82764
19879
-19496
-89716
-85070
-74102
88974
-29558
-79234
-71363
48845
37205
-26098
-64659
-52415
76643
-46183
30919
4393
62009
95697
16811
63773
-4987
-28386
22323
28938
25711
-95300
72661
-78016
53720
57
99978
-1633
95978
65041
-3471
72432
-46067
-20530
61104
-68841
-35453
-32854
74521
27782
43673
59538
-8087
-23109
-31884
10211
61396
-41602
1754
85639
4122
35728
-45196
15803
-8817
-59164
-74926
42710
19042
88707
26416
9956
22092
36403
7559
30825
-56162
99153
93574
18538
84992
64996
-27924
28393
-4857
28552
23684
36490
26648
66193
-36293
74236
-65864
7376
32994
49942
-15254
97280
41842
-40078
60401
-21768
-20692
53981
-798
-50615
75650
-51479
99416
-40977
-41662
8209
-77131
59465
27324
-65489
-16385
387
99136
80460
52728
-7697
49355
-43899
89182
45935
-25773
-41977
-24052
-91151
88675
-29715
47404
75130
33260
-24703
-65884
-10276
47653
-12496
-75825
40272
-78208
50587
-91304
-50506
-28778
-10733
20625
-80324
-38596
-78543
-28095
-12990
-96615
5832
-24819
78535
98726
97942
-42601
71562
-23857
51395
-13508
-96807
61563
30985
-54717
41683
53514
22856
-82630
-65172
27676
-43633
86741
67289
-65609
93412
-88429
77540
-96975
-37376
83878
19661
-64695
-83621
-86953
52967
4111
89450
96229
58683
-46635
34749
92581
-56181
1041
-52394
-78922
14231
-62004
41257
24640
55033
86672
95411
36456
68849
46645
-98551
-58541
76148
-13220
-5427
-62503
7786
-46579
15395
15256
77353
75745
23539
42923
52668
42567
-56763
27899
-72200
-37243
-67554
20589
11434
6505
-22012
43624
-12751
35834
-69899
-32581
88781
43186
-50621
71621
88414
88568
94388
-96107
32098
83609
15039
18797
9140
-58397
-72806
84403
-62226
46121
81640
-6379
-18501
11957
-64991
20902
70412
36256
27479
-70399
-95136
-58199
86376
-63001
-43959
-90562
77625
40578
25481
3051
20051
75430
-4038
84702
-98742
86283
58052
-46956
-99425
-18103
-67585
-44601
59929
-34016
-68091
78029
79458
5997
-28192
85438
-91765
-72297
-47202
-28020
33020
85885
80328
-12597
-41534
66187
44261
6874
99441
-93939
90858
40663
69646
-33899
-85532
56197
76413
69692
35660
20822
-68432
-39721
-98168
-97680
-56906
-91086
-18211
-2495
20360
27477
-9256
-90303
-33041
64786
42949
-85245
67533
95228
-47539
-66872
-47650
-70716
-55743
-46954
24755
-98864
-72092
23798
-7203
35436
-40109
-17366
58454
89954
79004
23151
80355
59024
-24715
37315
-82439
88901
-68261
-84307
-12066
-87106
-28939
-37071
-74272
38419
-52663
-41436
-9998
29737
41809
98322
63625
48549
-81730
-32208
41454
14346
-7056
52724
47829
-50963
-46309
-10243
68851
-53090
-9449
-30056
46996
92407
-35078
-39301
-28843
-494
69636
-40435
-42899
40369
75247
12312
48623
-99740
92692
384
-92221
-59972
25521
-60203
58712
25323
95009
38879
-24558
18919
-81490
-47977
-78509
-68666
46236
-9600
99659
19288
-96239
60666
96994
-68150
22981
-89435
-16614
-78473
71173
51723
-85655
97323
-17686
-82431
-61022
94894
15430
88939
85634
-65613
93254
-82426
50230
-59085
80173
-42307
-51047
76833
98725
-33997
-42177
22219
10047
50617
-79897
38538
26453
17454
-2697
-51546
-96153
-42978
-34811
-93802
64343
60957
-84512
66356
36867
61879
-76316
61811
-42549
-98032
-60784
-43471
34644
79266
26331
69571
-52070
63806
-28654
-43531
-49865
30939
-94613
76389
-93760
-5718
-21803
-63909
-72378
92060
-60207
-12499
13622
-21202
-89195
-36747
-69143
48668
-94168
56345
1770
-31484
-78601
-93955
20084
27989
-17832
-76896
35096
-17086
-58414
76850
97389
-59112
6132
-10847
26339
-75342
87983
-35011
19028
9870
-37915
2899
25671
79482
78316
43311
-37152
-46666
-85588
181
-10574
18735
-35073
10455
68947
55075
77925
28201
39089
-54931
21184
-72425
68652
-65688
54896
76747
-60404
-80231
-39325
-86052
35518
-91130
71731
48089
-88675
-8521
20437
5657
20246
-79595
-54488
16095
-87256
-34286
-83548
93395
5055
-89218
24874
-97014
73284
73150
-26110
57513
-47666
73618
28
-11282
91978
16780
-10280
36379
71761
-48782
77304
85523
26201
22595
12196
-92692
-92946
-13143
62800
-24288
-74214
37749
-30591
-44119
2375
72888
3943
29133
-35431
-86977
52980
21994
-16147
-16106
36994
-54784
41320
63425
527
-90002
-58852
-66416
59382
-12861
-64678
32472
56602
-59584
25929
84161
-97858
-32851
75924
-50738
36002
-84599
-16481
-99370
-56269
5737
88526
11860
-64970
55091
60624
-68568
27454
-97010
25481
-57425
82581
14819
-3302
-22336
95631
5490
-12250
-42825
-22498
-12762
89770
-49568
56272
-73666
-88753
66641
-90697
-22314
59076
3045
368
-5644
19777
22060
80345
43241
-96140
30941
44242
10220
-97136
44695
46595
-11944
-19617
-27112
46150
16819
-80259
-44146
28196
27754
-86692
42632
18750
-81498
65854
-21837
-34716
-4982
51210
81239
31942
66559
29910
27348
54732
-94777
-97122
-66642
76686
-41847
-44185
-58433
75115
6605
4605
-40400
35590
25450
-58639
-55088
16987
-87677
21670
50386
97220
-17362
-2934
58990
-79530
-54599
-37886
55904
97309
92258
-67550
81499
-53379
-35744
65171
85991
4698
-70987
-94529
41271
-29738
-46011
58337
-23684
-3381
-88224
74391
57129
56682
37215
39719
30872
-41585
63445
87200
-22026
-78637
83259
99710
-18179
-22483
69708
-78291
88051
-41903
52248
30224
38477
86473
7712
-47087
3086
-71097
99234
92593
-93342
-42450
-99082
-40312
-5880
92072
-53447
57811
3742
-77547
24876
-97749
-17148
25961
-31173
92438
65410
75954
95006
-20164
6691
49305
-88906
-6889
51221
-54850
-51354
86222
-5011
-22310
-78613
-54463
-58848
-66994
-66424
-76842
92999
-45300
-29601
44523
-53153
89960
-6989
-61
18414
83884
37683
95395
96490
99901
-27790
-34867
78042
-32408
63093
-582
49341
41227
40931
64981
79894
-96077
52450
-96018
7004
54932
98332
-70201
67244
-13630
42207
-22659
-17923
11052
-13186
-58197
-68424
-59443
11764
91122
2541
38086
63746
-6651
-50167
12305
-98792
-83668
52871
-61740
-97009
-4376
-27485
55628
96617
-84802
60760
12839
33032
-10791
5920
23777
-74712
-28496
55205
75179
-65523
-2442
11185
-85140
-44236
-4881
-87019
-31593
-40534
-28495
99177
-69674
78974
30983
-84100
-15674
13035
5775
68631
-97274
-191
-71932
-18274
-29201
38671
-51592
79190
89113
-43478
-91772
97557
12006
-69416
-59475
70851
-74946
-49183
13967
67410
44518
-25271
26106
88231
6042
72430
91738
61829
-51207
74101
-49365
92727
-41644
-74511
21404
51060
42575
50794
57265
99108
96393
-9
37541
43221
-50738
71625
-19012
-94474
-19482
38183
20624
-37366
4139
-34280
25683
-77404
89233
-66210
72326
-81447
-86658
-79640
-99169
-56800
-93832
-35371
37849
-94131
-73651
-21022
39452
-35709
-2304
-3401
-69924
3651
9824
-46996
-14085
27775
-50763
36310
99661
-45801
61255
7686
13646
-78347
-37393
-58039
27277
8471
7789
-90282
-79914
21430
81016
-94806
18179
50957
84472
27273
84392
-52747
-27348
-51465
-54494
81786
35244
-13899
-95097
-5773
-9664
46397
-385
34334
27863
88401
2382
98701
-37189
-80363
-53358
87303
-24341
-76492
-55400
-74443
-92916
-45297
82152
-50563
-70834
9389
-20259
18845
-1097
-8921
-27087
-1419
15649
11271
-45368
21803
11294
81957
-47535
71687
41515
54574
36617
-4667
64423
-50037
4153
79683
-92320
59063
11742
-88807
63232
-61997
82178
-86897
41450
45528
-69462
69243
94402
-77829
-46745
-85319
20481
73831
7954
-51923
83507
-39882
64077
-83984
-53553
-39852
5484
-34219
59350
-1848
-33308
50306
-7496
-69401
-92865
76843
-42891
-93218
19340
-97783
44696
-31043
82473
42782
-90862
-93110
23298
-17939
19228
77036
98132
41659
-25393
-61001
-5320
-41416
28987
-94492
-34136
89522
-23767
52789
-70603
64624
68261
-76196
4996
-37042
58949
45093
7100
-10125
-41490
-29613
64175
-39528
-73996
-47097
-86429
-31240
74135
-47425
-24164
16237
-50632
47854
41930
94140
-4312
-7412
-24718
-17778
-85093
-87038
80218
-3391
87603
62321
-41587
-98580
-81647
-68697
88182
38218
81761
-15330
-75083
66726
56592
12132
49674
-91689
8725
-46959
-2677
53702
34635
12372
-26628
-9316
19342
27365
99890
-69018
48952
-90649
51773
93378
-24276
30692
21213
58298
19352
-78798
14297
-89177
-27818
90645
88085
25077
-57728
-53758
23954
5415
-95050
-35940
-11639
5062
-95434
31826
-50081
-10703
-91367
-47715
-6610
-85590
-76552
52088
49361
-35099
33982
-30891
-71290
-60508
-37247
-35083
9067
8117
5109
8797
-73460
36999
-85766
9405
-43714
82542
-33486
-9606
-71364
81927
-65278
69659
26922
-78593
10022
12192
60469
19981
-26543
-34625
4549
-79298
-77137
41776
40394
-19657
29791
-82374
78658
-11081
-2396
59824
74005
-67670
-47064
95442
78087
-32814
-13901
26700
25666
39315
-25156
-95445
-39477
-54322
-29821
55867
37571
-24632
67348
81934
-63150
-3642
70873
-88586
-46843
-61113
44932
85732
74304
-42317
55218
-99483
-27081
-19453
42408
-16050
-73386
39902
99436
-4563
-56896
-35428
41432
-77265
70881
-50576
-99274
36914
77910
46436
-30684
-98919
67910
-53549
-3901
-74115
30712
81227
8533
-63170
-25873
-46948
32618
-8865
-54752
-63391
-84638
-72100
-77146
-67061
-46219
-25967
-78015
30662
-81247
70775
33817
-35271
-59025
49137
89990
95887
-99395
-81693
-83702
6229
95450
39957
82218
51530
14232
-87270
-21897
37245
-74893
63903
80380
21766
-27036
-57322
-83631
-20497
73023
-89191
-342
-74598
-95347
-50970
-3949
57337
-66487
12113
145
-52089
-91985
-10100
-18299
41215
15644
32066
26508
-98091
-51992
-51689
-9418
-41550
-83521
-24043
6125
15752
963
-41827
36801
-20021
10080
-51034
60801
7744
95115
-15723
46861
51223
31566
41214
6150
32404
88197
1890
-65812
26698
81232
-60755
89183
22593
42385
-35645
71887
95960
2507
21756
97860
84431
-96380
10848
6223
59376
-67020
83980
93881
-95099
34077
25334
29859
-22914
-37489
36273
60061
-54287
17117
-33632
-7578
-45985
69126
-33607
-88381
-32754
21255
53437
18031
-80836
31550
-21889
23397
-67224
-25910
57625
-55026
-24387
-34528
-47227
14445
3847
79363
53440
1125
-2157
25627
-41231
23888
40874
43691
-32785
87165
-34840
81709
-74225
10294
48531
-48799
-78035
-22524
-85246
73708
81167
-31822
96128
-91061
-75726
79450
81093
74607
-22358
-33705
95059
36604
42220
-89112
42704
-28772
-89750
48406
75315
55922
38622
-20366
41818
-38883
94600
28537
-39038
79739
-75049
87004
28298
62670
81265
77042
-32966
7278
-57417
91079
-64721
-58602
46824
51594
55296
-72865
54055
31346
75259
-16968
48014
-23745
-51290
-15420
-6570
95914
87621
-2174
87639
-95117
-41046
-19308
93045
-68049
6490
4196
1741
93372
-83524
-10069
26637
-71806
-58030
90594
-74879
80926
-65117
44276
26929
81309
87118
66722
-25681
19827
-23223
-61471
-57001
-76225
-42286
-47010
-85082
-1234
-29598
36972
-42461
-29400
-89602
24435
-78424
58490
-3563
-3816
29792
-90393
-63212
-37950
-41743
70932
-83904
-70298
61634
-34254
-89707
70482
53657
-9375
75007
-75748
-20346
-57240
92805
46643
-91322
-88976
56161
97921
-71289
56263
-29684
-27242
-78665
55230
9647
-80706
7573
61688
45774
78290
33720
-86503
56879
33392
-74324
-54684
20016
-46215
-81831
-32717
35038
87813
51287
33267
-40988
-21877
-59342
-85443
-63027
-67303
6521
73067
51885
-71836
-6914
80820
92020
11904
99941
-70753
38463
-4524
62240
-59005
18301
58534
-19041
54206
33634
83634
-96890
10806
-98971
72911
84161
-75604
-16688
-86631
10352
-52086
95462
61623
52830
91721
6222
19811
18933
84886
21310
6328
-35956
77097
-27889
46167
52220
98949
84351
44047
59613
68550
22919
-79054
71555
5263
-57218
-26793
66313
56764
-68852
-13571
35024
-93782
-67192
-11593
85028
15916
30277
87682
10582
-11376
-59644
58537
-93610
68910
-64191
-52442
-66190
-41008
17613
4876
43354
-24188
4005
84229
67920
-7574
-11337
46459
61488
69854
-30482
-80406
-70372
-89685
79171
63975
78875
51401
-48947
72188
44206
96847
39266
-24004
18309
-51200
-75208
35428
34481
-16067
94281
-18701
37483
22287
-31557
-85646
5389
16433
-73180
-82146
78938
-52426
-19333
70856
-71552
-55854
38507
-26386
-33906
-69571
84135
14490
46248
25695
95674
-32533
-66311
30972
-29641
9426
62889
20911
48875
-4768
-86250
36647
-60107
-79824
41946
49353
61826
-63604
47711
-45236
58011
-14572
6811
26551
-30869
-18955
-13148
14102
-2029
29504
-63720
-44139
45680
93558
83153
32477
4967
-46617
-15497
85318
42511
29344
-91652
99437
-36372
11913
-64315
55188
65231
-75037
-31203
10578
-61591
-70782
-80912
99217
85683
35246
-84197
-87787
92265
-70150
36724
30464
-11156
17335
-12872
-25653
6807
58523
50497
-35415
48383
-61615
24200
-82510
-28494
-60955
7167
-27160
-12837
40506
21153
61900
620
-50647
24808
16411
-81953
-78081
52802
45963
50452
22462
61549
-36748
54890
-81314
-80397
-79220
63570
-45098
-37807
-27854
-62831
-90562
-50989
-44954
-18259
46383
-11011
-32860
-76838
88342
-89326
57682
7947
14057
-30802
-23829
-97397
-27210
33323
-61506
49049
-73689
84573
49515
-99105
-19136
55015
83151
-54595
-96304
-39054
741
83654
13409
67221
87508
-75341
69808
-44325
-32407
-16446
57244
87848
-37495
23762
75488
-95686
-64868
56502
-22155
-96530
23789
88756
97293
-37324
91786
6812
-43576
-29935
-89556
97287
11722
44586
-88174
87019
33936
-20602
-62962
-38197
-51194
79000
-68872
-28230
1774
26746
-33059
-77026
-66120
-86469
88213
58080
-629
-2224
8136
-22615
-80353
-11492
-18942
-74548
-95647
-99671
29791
90
-91413
-60920
66423
68795
-13979
-72876
17224
18435
-27531
88752
42086
-74731
13377
-77259
55277
-80832
-70832
-47216
1199
17256
-48272
11303
-19112
-81767
-58053
-97994
-25873
87624
11199
-1127
50878
75309
88564
-91410
39523
-17040
25992
-1366
-94542
-35668
-74540
84660
72779
-72272
-4947
96300
31675
8043
-28527
-22793
-561
-47828
-57865
-77784
16386
-18175
-29377
-23386
-34823
-80701
-46451
13007
54153
-27174
74160
60601
-28127
-24966
-86248
-1843
-6997
11156
45470
6724
-81891
99826
-83849
-61065
28859
-33462
-87466
-47123
-15188
17158
86336
-20473
90696
7199
39989
17942
-93444
69597
-23293
95593
-48554
-93357
-60273
59136
-61748
38812
87293
88591
-59983
22670
18945
43674
63829
89760
25433
27713
-89584
63937
-26355
7564
5560
-41307
25409
25313
-19258
20024
-13453
879
-91353
-84111
-96937
-41174
27770
-49409
70453
-15880
-541
-97796
-2620
44083
89200
-37493
-14236
-87404
36606
-436
42450
-60466
-45584
85073
-54211
-55871
-21037
-89879
47727
-92120
-12807
47613
89223
84902
44677
-39215
-29656
32559
60465
47695
25032
79000
86204
50520
36702
42802
93420
-10731
-5636
-67533
-25641
4384
-34961
34461
-30881
-67202
39682
2796
-89516
-32823
8595
14930
-9592
56150
89640
78489
-70002
-12521
-45454
63271
36184
-90479
-24806
33169
74994
-92059
-39703
-8773
-4853
-65895
14105
56985
-27007
13553
-11219
-18176
-81170
93244
-41011
-51977
-49520
80528
97809
-1146
4837
-60755
13449
43061
-98855
12766
83397
-657
37690
29930
-80672
60146
51287
47729
-81567
84228
-84541
-26822
-99419
-65026
-15709
-82759
32966
105
-95161
53893
-52552
-94215
74519
36924
97063
-59938
85873
-45030
56796
-42725
65105
65452
-70979
10211
17279
-75340
22222
49720
60356
83868
-13509
89280
7264
75875
99346
97692
-91044
24683
29939
79961
9419
-9616
-86788
-30052
-82959
-15929
91543
61071
99050
48778
-69329
80435
-88027
49248
-4130
-26909
10713
33795
89769
-25123
12524
33242
3516
-69265
67488
18837
27448
-54187
74663
29992
-26985
62376
43829
-88451
5842
-77220
-84705
92383
913
74078
-36051
-17922
-93165
24140
-80568
-90947
81683
-33620
8637
-86322
-85954
74509
-28114
87516
-98760
53667
-97462
-24531
54261
38216
61902
34325
16428
-71879
15044
58361
81727
-94282
-1156
-62734
-94064
-70987
96099
13874
-90279
-10439
-22667
60822
-76825
63087
47528
38439
19965
95965
-40931
90657
-63205
-58876
-94000
-68221
65632
87767
83534
79832
-43420
64543
39650
25752
-88430
40605
86961
-47664
-9992
-54260
21825
-34040
37628
64404
-34629
26407
18800
85408
-46694
323
81215
1071
-80167
91851
-46617
-95012
57990
93115
-30130
50542
-53740
-86261
78749
11331
94277
88490
73528
48838
85357
-21518
-26156
69434
-82530
70964
18810
97938
-5494
-3606
63608
-16880
-28472
54254
-23004
-7640
-92935
-97099
92224
447
-93005
48467
11315
-18994
72876
52063
51390
64380
57052
-77731
-97917
34152
-46344
78462
-65822
61899
-33973
-20285
63163
-66058
-40911
-14603
-39177
-19147
-63052
-68213
-18732
46722
16901
-81141
79786
70675
1520
7942
68646
20891
82604
-49303
-40094
-71810
-91331
49918
-94674
-58168
34350
-15492
20333
3045
81205
-65264
56951
-65747
13014
-75523
25130
-98339
25240
-83859
-33105
54389
-45925
-3753
84386
26972
-6262
-78633
62738
95871
-94074
61497
80530
-88941
12874
25296
84406
-57343
-30226
65212
1817
-8607
75956
-45921
-20700
-75475
20785
-67663
-65719
15677
-10641
-83547
-79653
-88731
-26084
4583
83936
55659
-77099
-94547
-2691
83837
47402
93268
7049
20116
45113
-61543
-73961
-7357
-61337
62178
-93320
-58911
45468
81730
-57995
50432
84931
-52497
93015
-60451
59906
-78315
60616
-50459
-52054
-27875
77143
-62133
-76899
-11832
36346
51895
-11775
-49015
94109
-32036
61173
57704
19857
-38877
99731
-17379
-70385
89640
42340
38068
20462
73587
9621
14929
61918
-53736
-9823
-43198
59133
29446
-53920
79888
53860
50467
-13004
-56557
-86779
3654
86353
50635
5197
-20404
52168
89671
17047
50117
41031
-26073
-781
-78740
-98060
9294
70830
1868
-58723
-94649
-44514
34446
-70639
-18927
57884
76860
10464
90416
41316
87534
-57311
92545
37328
-95882
-15129
-55204
-27977
6137
61352
96949
-37391
-62402
99118
23941
74107
3810
55066
-29441
-18944
-38937
55684
96283
-82968
38511
36694
-99614
-73721
10453
13681
12291
16064
-27055
-98978
-76062
69019
-69189
-70776
-95906
-32093
47328
53702
-33113
83491
57392
-32690
87885
-43535
58870
76761
-42564
-85880
74371
-92454
-21347
16773
-26092
-53096
27967
1962
-37607
416
-83997
-47134
-14893
-88317
77353
-28659
671
-23503
55228
-63865
-80059
37429
-97622
42065
-68074
35782
-36508
1722
-67705
71238
41305
76194
65212
-98653
-86091
25231
22660
68531
-4869
-52400
67359
-67105
59410
74483
68278
50629
72181
69775
70513
-54246
53517
-16957
86117
45488
71769
23207
97525
-12653
-86544
52304
-37048
64508
11494
-18392
-21750
-58318
-33359
61509
-27775
67099
-67934
-6940
-57244
-51754
-98091
23687
59730
65671
-58017
-86995
-70180
26804
95358
34380
-95562
4761
97201
-32562
-43108
32798
-37325
-90952
-81388
4020
-96597
-40846
-95994
-67890
-27362
37572
-30147
93062
-45872
-45709
-64711
15805
-66406
-34110
72040
62612
-57743
-10565
-76080
-84421
-13117
-92728
-37796
38774
-31910
-80936
-78886
-94707
15085
-9690
-78282
26240
-99990
37336
14932
-90352
9379
-76792
92774
40746
-16085
-41575
173
28965
91669
-48600
-84986
22489
78732
-46760
-94253
-42593
29790
1906
-37374
44859
16209
-35699
32792
65306
93402
83581
-8213
-16179
-87001
67698
-24986
86822
-83041
-91179
99085
15655
81511
57339
-17994
-23332
-24038
-38270
-42199
-40313
27913
52343
-55173
58946
22404
-93677
43232
2197
40013
-9249
-1080
-74582
10141
15876
66397
-73030
-15373
27682
38931
91316
-33833
-22145
30868
59164
-54663
66388
95492
67335
-35619
-51757
10808
35388
81556
99611
-2576
12405
-29869
54632
-41055
90087
-96887
-84393
31215
72336
1442
-49182
-23583
-88361
96955
25927
-67893
-37825
-86538
-44693
-40370
40864
-6409
22596
17404
-66896
-37017
-8283
-15221
63492
63158
-86775
48427
-59007
42264
42864
96819
30925
-34721
-63253
79967
21148
87587
-81710
-65001
-2436
-28148
76470
80201
-73934
-32475
32769
95530
-21345
-12645
57208
38994
62998
-78312
-67917
-37632
-69319
47678
50228
71997
-31767
-95171
62521
58676
47574
-83304
-87737
40518
60041
-84955
-6080
-89906
-87740
-70634
-7586
-51579
58792
-65465
77222
81014
-30852
38451
-71138
-1905
9453
-49919
-88533
-85791
-28975
75018
-89608
-78438
-70319
-29783
-7077
-82195
55333
-23461
-5771
91500
55477
-48237
28056
-79291
36174
36529
-23493
-99241
93619
-52919
-39664
-2613
-97781
1020
74036
94446
63555
-29988
83161
-44442
16217
66449
-83543
-83069
3372
-31074
-15583
-36524
-37646
16968
-51248
-1376
-98031
-95838
18201
-63612
-45906
-8649
-52412
-77138
-54394
-50705
-91622
-68911
9348
-43174
43600
66561
91376
76360
-17491
20607
6023
-13903
67800
68535
-19935
88101
30451
-24369
57394
80589
-76147
-95261
17622
-50204
8706
22248
12809
-8351
-15282
63111
58674
-90447
-74936
-95453
25461
79438
88409
63307
-42718
-96253
-84164
-62597
-89986
90464
50840
-97537
19882
-92164
-46574
-98550
-39723
-13484
27908
-30930
59395
-30052
42852
62035
12470
-78785
-7488
37543
-88483
-25899
74552
-3054
-18116
47979
25017
-8914
52140
-35576
-53446
-67216
13545
-62228
89590
74827
-5281
-97298
9434
47888
-82675
-17598
-99661
76190
-31347
12232
46671
-13135
-25366
89286
73687
-79508
54623
29452
-43537
-98010
-27138
39909
-95879
67768
64146
30768
40372
-80183
-74833
68457
44236
2197
28851
-98999
-79061
-3437
33034
42286
92287
73612
-70840
63665
-32543
42321
-1699
-76367
91451
81917
41876
55023
40137
42709
-45777
-87194
6099
-60168
-92730
-94953
-34497
-82647
-64435
7461
-82767
-15563
96357
99223
6756
-57418
-47171
-65613
62994
68130
65094
80178
78580
37262
-39416
-899
35015
94185
-54425
-16882
18456
26100
-38118
-16835
-56734
60477
3572
-1695
-51554
-71353
-85935
34650
99004
-53164
-7563
70629
68394
1446
-44422
-73688
-18279
22013
700
74176
62327
31389
-9348
-2853
-83810
48897
-99659
21814
-26574
785
36394
-50558
-90583
55515
64164
-60763
8638
-61372
93692
-19966
-39458
-83055
-1891
38182
-79063
-40232
-75001
67298
-78090
85476
-27999
29842
79768
-459
95742
-1165
27034
17962
-88636
99133
11380
-61643
-36104
26553
95672
-85776
5516
-26223
21007
49292
-91515
-53754
-69182
97904
8527
59627
75096
34974
-16499
5645
25400
-47094
28100
-77463
-95997
-55674
-61099
9472
19609
91975
-28299
-90877
15403
-58243
13172
-53001
81025
25434
-20267
-6709
88393
-13022
8341
98704
13412
15179
-46145
45590
-73664
-77849
-59682
44562
-32782
58435
28857
-90399
-99919
58978
-42123
70435
-29142
605
22891
19342
-2956
-37447
-57510
96610
-19938
-51534
63062
49769
74642
-53813
-27073
74725
24616
58144
-50905
-83763
65536
87527
62433
81295
-34385
-19106
-73441
-11503
47688
35554
-82582
-75967
41122
53171
15146
-57042
90289
-39551
-77019
38676
-7786
-40295
48362
-32938
10682
-70578
-83610
93401
86427
-58928
87071
82897
17850
26202
54871
71519
-85036
-54164
-96205
-78229
-29819
-55944
58776
73337
5012
-41818
66098
-50135
76901
53014
-77055
-93465
-1593
-5939
-808
32682
-44637
49384
89048
-13294
52719
-77782
-35660
95445
42013
-53205
42124
-7679
-4427
-52566
14018
-60132
-41420
-32045
90334
76695
63460
-42639
-47641
47654
-84271
10250
50286
-74316
58403
-55593
89602
63241
45218
60541
-59161
-50938
6415
-13206
65548
26559
-66920
-22782
-43307
-62990
-60727
10680
-51809
50307
-76109
-83803
74382
81889
93214
-73211
48560
-77
33820
83349
67162
-62039
-48790
-21102
-14900
18535
88850
-17831
52330
10734
-41133
-9735
-83509
25843
6474
-63979
89003
46285
-17662
40511
75621
75574
6751
-28172
24213
80512
49803
-68279
2881
-41679
27046
-40157
66587
-72227
-93391
32863
-64142
-96585
-5735
80530
95539
422
49554
54668
-6597
-581
-20453
-83133
22775
-83305
44066
31069
5611
52258
5238
19765
-50358
-5981
-39281
1724
21126
3849
-28230
-52922
123
-49567
4561
-27780
-76618
-43522
96269
-5309
-61163
65720
46961
34750
-27837
58495
50158
-94389
73067
-30201
-1299
33799
33042
92897
-38486
4550
-70071
52750
-69718
43552
43749
49819
96790
-13518
-54454
36588
8804
-90203
-73633
16619
-22496
62245
87127
-94851
22801
-60620
-59149
-1040
-22570
-33374
21424
-98670
-86372
-95293
6992
-52219
-68301
66342
15968
-51133
15379
-33888
-69369
39442
-82938
-64744
89741
-75946
-93650
17330
93095
-69246
85395
62085
17697
-80687
89835
77097
73790
-77469
-38711
13199
68981
-66523
43125
-16785
21159
23888
12239
85038
22741
-57005
-62338
-27469
-39732
21952
-35302
78744
-32168
38845
18603
33885
-13264
57181
62391
71487
93382
70066
-51026
-65635
-80821
-59191
-37916
-40543
13374
18472
65663
53702
-98610
-47216
-54971
48925
30247
-41928
-68081
48777
-50135
-7358
-28170
43344
76822
14451
-48786
32938
63359
-22148
29381
-66204
-58043
57573
-65182
-7362
-94254
-73015
-39247
5314
-48831
12447
-82100
82829
66080
26015
91657
11443
-3641
76627
-83502
-77861
-38913
-4188
58937
82553
-48969
97879
-2510
-53052
7623
-38105
71127
73530
24463
-98822
-50082
-38545
-34771
-82347
38933
-98651
84402
-16022
-77632
-400
79601
43233
45002
-3887
50596
-4338
97751
15190
-52148
-8075
45600
52899
-74582
13224
-45335
84862
23491
-53294
73527
50107
65840
87803
-93861
14115
-68368
23771
82409
12198
49656
-84811
-26044
32835
53980
18658
34264
15127
-1350
66054
39620
35083
84673
-82133
-26770
98456
80584
68074
-1112
49709
-62388
-42199
55514
-29558
-65662
17109
-83510
-87447
44884
-97694
75781
46338
-63391
98224
85398
-90277
54011
57031
-3475
-821
-29601
11849
72587
-82760
57974
29700
84124
-72364
-41139
-34015
-49624
-78699
-39303
-96496
-36857
-45460
-4680
36612
-87439
19456
-78290
9164
-81187
-85308
12748
70006
98033
50853
47065
33534
57978
-81571
34571
87120
-54565
-69752
25350
-33319
74218
-54080
62392
-47783
36656
-4833
-46888
-76689
82016
86598
76063
-73751
-81877
54773
19746
-33900
-89967
-49107
-36293
-16535
-22587
-25729
19657
83404
77194
-80571
11475
43057
90211
14955
59782
74777
-59247
-91190
-81828
45477
-27583
-34968
-23690
-93761
51465
-4477
-63971
71752
18459
-74570
-80155
91463
-55041
95895
88955
-80478
-20470
-22976
51958
-36707
-43117
-66059
44204
75089
7018
48096
40816
74825
4464
-94513
80839
-94449
-14335
11644
42642
92003
-49013
94167
-51486
-14491
72510
-89874
62802
-68508
-89541
3881
-99884
-96208
-198
-78066
-64738
-532
-89045
95975
26709
79778
-5755
-5261
-85856
-89258
43993
96492
20905
-75912
3907
23778
38420
84690
11045
9716
-11176
-76696
-68995
33044
-47389
44248
76388
9673
-57403
-42947
-48765
-67787
28488
-15797
62574
-85277
57801
71641
92577
84914
-2007
-66891
21312
77412
-64027
-23361
-31100
88356
-55965
57995
55477
-20906
73543
-45630
-38349
-20534
-16621
52613
16382
97229
-38471
35729
82953
56171
-12968
-64879
-62264
-85522
89127
-19800
-42048
90758
-89961
20501
-17201
-59450
73343
92329
62162
49021
1100
-22972
-65199
37612
-73475
70987
42649
86672
-68904
98460
55977
41722
-32377
-43652
-45439
12047
-81840
-89578
-34608
-90169
7952
-73540
-31801
70600
-56322
-44544
1917
65729
85711
-1562
57316
48050
37222
56215
-48036
-8059
-61715
-7269
-24392
99753
-93074
-64966
38470
11686
-84051
-12523
-57604
-50025
89474
62830
72402
6774
-47649
-26081
-46992
-29870
-96830
94384
-43291
-51345
63247
47052
-98929
60365
-18393
-46198
-95635
99489
-46106
49447
-45717
-27580
-43631
-69378
-41871
-30825
-23306
77789
-33702
53888
68104
2286
-45518
39985
23698
33684
81118
94269
-50733
-99936
-10068
-34746
41282
26018
79256
32437
13697
63454
-4136
-49423
36499
-22721
68176
-31834
-88099
20112
-62724
-69766
-16912
-44488
-97907
-17144
78532
92652
4691
26735
-60118
97700
-89210
-36180
12733
49518
-49823
67362
7500
92496
87686
-24276
47007
-90956
41017
-71429
-88744
-58668
-78872
-69942
50416
52761
-16170
23808
-21097
56746
-16868
-52368
-84136
32554
-60304
-48914
87008
-88568
-58738
-81178
-94644
41174
85910
-13190
-37619
274
-54843
97670
50046
-6835
-22973
71771
-61269
-5227
8008
2538
-70668
69182
-2013
53717
-70332
13112
97143
-39120
-76997
7431
43109
-88831
82458
-97277
18427
-44361
-47881
4684
-2382
71646
-59668
-45619
57418
53721
99978
-73980
26572
88323
11976
79935
73089
74393
12469
-5660
80783
48519
-14544
63420
-52774
-35420
-65156
-138
87342
-13134
-93101
-70160
53726
-23946
29996
-59484
-53791
20112
-42678
67866
-10319
-75443
-56265
64435
90504
-11508
-25825
-92422
47787
-99294
2300
92234
-40753
-68977
-50568
-93073
53362
-49756
-92131
-12063
57620
83115
87040
-54466
21164
-17037
-83659
-58868
30978
48200
-35320
29385
52656
-21040
63611
-45756
86198
-12090
-53760
93813
44944
44442
82614
-84134
-69161
56737
5897
-32797
-69829
99717
-27929
66518
-22680
3540
85330
-27458
66437
-21957
-84071
-27614
-57413
99588
22655
31545
-10373
27492
-76596
-34523
-7924
-85993
71373
-32635
47687
-22957
25792
15324
91241
-94259
-94504
-11527
-30673
76983
-30257
82910
-45791
-35016
6716
98790
-82032
46824
-50843
-54356
-89037
-37994
-7223
53153
-52380
-2667
-90770
73211
-23140
36013
-95296
-42662
-67205
51693
-7163
-5225
-74116
-73712
-16550
-45608
-33561
99473
35673
-85413
-79771
10963
-31728
59523
-84730
66395
-14968
98568
26076
-53762
-73323
38873
-67574
30892
-70082
51131
-40485
29346
-42597
12166
1481
49119
3958
-1810
-25275
-41471
-44341
92160
11043
-44856
-70815
-26013
17336
22376
74798
94206
-94908
-39875
83008
7882
45716
-78342
653
-32468
77785
-97894
92111
-19139
-56264
25879
58072
-84200
-258
38404
67676
-6485
57343
87083
34160
95281
-50499
45255
43626
17846
72821
-67904
-14726
-93073
8680
71446
60695
59595
-44314
5016
-65208
32827
-70463
60135
4841
24047
77115
-15537
54655
-50845
55672
17034
-9261
17814
74754
62758
51013
-84636
-34361
-43277
-35557
-30414
-27830
91212
-42604
30119
63497
-85496
-2429
6078
-87360
-18957
77840
-9297
-17071
-49410
-80490
-4268
-1944
-94739
61448
13536
-22309
-55073
84387
8422
91157
-14439
26538
98370
-2761
2146
-56867
67726
-93551
-6036
25018
88578
4917
72158
13805
-10010
54383
-8985
-7698
5833
68298
13043
6780
36475
-86041
-35921
-24902
7283
96294
-32048
-32507
38038
41576
-34786
35713
96925
-49729
-9843
-87600
175
-36039
-73259
15711
-30694
42326
86323
-18685
26386
60764
11592
-61461
-33568
79753
34724
-70477
7501
-68626
96799
-24848
72799
10936
-71888
42879
29117
76450
48463
28553
17150
1782
43784
42841
22517
-34972
-19201
-31279
-44250
-6845
-95654
-96003
21288
-51636
90293
-88090
14138
-8991
-72484
-46409
12362
5232
41478
27827
-47742
95564
-18491
-55987
41990
66554
-23386
-57662
-68453
-15890
39935
-51102
-65552
37052
-7038
-476
27197
-35034
63119
-65358
-89497
-31739
-68079
47312
-93023
22660
-98674
-14801
65772
-34744
-95555
-20534
-33268
79887
26616
-27441
55532
73914
-99583
-71560
71300
-52902
81587
-16176
42617
-40346
78381
-4201
93894
82814
18044
-75058
-27692
93253
-85522
22209
52868
-39589
-68327
12732
-59572
89621
52447
-76743
-32387
-22374
-95725
96538
3974
71974
23880
25219
-86905
21866
-80618
-67035
-30388
-61093
82663
38734
-27253
-65017
10750
-47858
-81951
-80376
87099
-70108
-42713
74915
-37676
-24919
-54559
-7955
-35398
86051
-40817
22815
63741
70534
-12303
-45706
-22012
21975
-8101
38982
-92127
-85175
79324
33524
63431
-66120
13740
57382
-5060
90435
-16266
-57534
-86391
-76256
91894
82120
-1235
-32538
-37114
-3657
46498
-72778
-32006
-53240
-45092
54699
27675
55517
-617
-57430
-29612
11971
-11290
-67471
98215
15265
4669
-70925
-4905
24812
90297
70956
35652
33769
-17761
-77885
50448
-76638
82794
-46245
54733
-51952
-95965
49912
9257
58758
-77706
89661
14179
42932
-80800
-37203
-73040
-15253
89498
-63655
-26717
-54513
-40136
-1815
-8228
-952
-5853
-26710
-98271
-39093
10677
97186
-18750
-44447
-51666
-87993
2247
95425
83799
35433
93888
88284
78175
-7361
78102
-89840
-56889
-33108
41793
-96879
-24742
17605
11968
36011
40772
69121
-40999
-12761
40682
-86817
-10059
-94125
-68141
-91810
18660
-94353
-57987
-66097
-80066
-34880
-73216
35224
46233
38503
-50240
-14358
37494
-70524
-28072
74151
63848
-27231
-31047
24915
-19334
-23216
-1688
-33147
96842
3029
49568
-45239
-48940
-61943
-64245
44554
65455
-89750
-60187
-68023
42044
88240
-38201
-48060
-38419
34177
-70975
47254
-7604
8295
-31213
-71376
-22117
-43244
47883
-13308
-51750
-88568
10416
-23765
27967
-61720
-80603
24343
-27736
-26193
-19488
-15700
11997
-9763
32457
5972
-381
79473
-96676
1509
93585
42030
59985
-72997
46151
36580
51022
-11927
-20031
-83531
-72681
43245
36661
-91506
-90020
1007
-65297
48941
-36563
10727
-89332
-85149
-43897
57506
61879
-92873
77849
-54747
-15356
-83296
-10022
51214
14918
88082
1935
-62369
61081
-41768
56138
48420
-61651
-61372
-75047
26483
-27676
20215
-43609
48294
99689
51041
-58756
-87368
-63283
-24564
92444
97932
8630
19114
97797
-5061
-50165
20872
-32125
67946
48636
-74523
-47095
-94528
-25163
-39824
-52471
86502
-52083
-16105
10265
6373
-8404
-82654
-97721
14872
19465
-96748
39330
-14858
-54084
12577
39911
75427
48641
63205
27170
-16078
-67662
-61054
44206
-10282
40300
57365
21342
12032
67769
45455
97717
-45744
-58923
-17848
-38077
52846
18782
4292
-64896
-92383
-48317
17669
-65420
32016
-67299
26783
-81443
80405
17913
46177
66971
-10940
28282
-12848
84414
31468
37229
44236
-48267
40530
-33849
87454
-75121
-63353
18510
-3131
-90179
12936
-15068
32109
-2960
66825
-46166
-38280
-65910
39129
16419
88112
43111
-11071
-84988
-87786
-92625
-33333
48059
-60539
6684
-58654
58877
11705
-29306
-51727
54181
4261
62734
50211
-54352
-1428
28900
71160
7215
79047
44256
-98306
-83842
72303
-46740
26818
-25237
51880
29468
89148
95657
-21608
74704
23736
7804
-97062
-69904
19913
6702
-43014
91011
73594
29873
-20059
-2990
92179
53601
21141
-96840
38786
-55174
-46451
-50638
54977
-22304
91762
-39628
95479
-42404
59423
34594
-12605
-76958
-74035
-27812
1037
-8664
34522
-26469
-8497
28115
97114
-26234
-41119
-36066
38877
-84294
26900
37323
-48757
6579
24132
-58199
-93750
-61313
-2948
46847
2966
-9397
-60914
93079
-95780
-5734
-78889
-38459
-55877
1887
-85686
46085
-34258
61312
69406
13523
-41005
-364
-89175
-84536
-85209
72733
-58522
-31673
-50577
98295
-69568
62359
-50762
-90254
-74305
-55331
-11927
-24357
-17568
88847
-68478
4312
-28339
-44834
-20248
-77153
-8841
61704
35500
-62268
21392
-64554
-23617
69409
20219
94808
70610
-88270
-45268
47723
-1732
-48854
72445
38197
-50428
-32486
-47002
77884
25618
51763
-84886
35722
60041
7921
-57019
26184
-95961
-76250
31758
-53599
16874
30283
25855
97324
57118
33457
-13217
91236
-48957
-86505
9189
78769
4136
46749
-2443
-15465
37924
32377
-24472
-6346
22185
-33182
-84372
4731
81247
-64592
86485
-49068
-29431
55564
53091
77108
11014
-24397
69735
-93915
28946
13907
9666
18516
54957
44625
45216
79226
20282
13960
-89871
-16787
-36256
-95523
98204
-73837
90233
20275
56423
-22030
43607
-45075
63980
61655
-21624
-90404
87833
-6490
16849
37822
93505
-14325
-40993
21141
-9593
-5431
17644
96069
-21414
-77846
-53867
-27759
24442
10727
-80223
-60005
42891
-43887
-87219
20764
-86280
-81132
-36583
-8819
-4867
99988
-63089
-16315
-72607
-44667
12804
-32865
51287
55008
4195
62786
36951
-64533
-8456
-33575
13491
79094
48300
-15528
53547
-70274
-58465
-76772
-37051
-474
-3953
76805
-77597
-48656
93377
90344
85273
86145
-1924
-86136
56961
63805
95911
59418
-78947
-12108
-9866
87346
43108
-36333
-76071
-89451
-54388
-1526
-70914
66111
9105
-61503
-32411
92664
-12115
78214
-98413
-32150
-62943
3213
-78152
10798
-85849
-24869
-42353
49719
-26424
-16042
-39769
23931
5949
87813
-47445
-42724
95337
61621
-34068
-75592
-79638
-24103
-58895
-45391
37922
36086
-98787
23707
-80447
-92189
46088
-19218
-88146
232
40811
57739
-12030
3492
72214
-74553
30679
-21814
-66650
76586
85126
92646
-84109
2288
6592
-39290
54987
-21862
-86881
14252
86423
95647
89883
-59501
-22817
-12018
-66140
-84943
9817
18295
-46707
22583
38122
534
-94827
86453
19473
-93352
69944
-70045
-48436
93051
-83313
-87568
6453
32663
23108
-8115
40469
-1179
-78611
-63433
-81337
52134
-65416
67564
-90798
75482
42207
-53097
94019
-42677
18040
51719
4071
-39277
14729
-17264
75598
-13276
87154
87202
70555
75483
27020
-94980
-91842
-55448
-26922
-88531
-86155
-91302
25910
4859
-3187
90202
-73125
97815
-57386
-63088
-29399
49337
85115
-61697
83075
-33693
-23858
-63374
-64394
83610
-16352
-10802
80702
99656
-84961
78200
37003
98976
61203
76979
-54310
-23203
2684
-84948
9617
-15495
-10612
-78379
-94739
-78179
81638
63046
71547
57743
-99425
12680
44959
21094
91487
-65508
-93375
-73362
-61267
-28367
50222
-21783
29293
9496
-44046
95967
90155
-44695
-84159
-43363
91024
-54175
85418
14581
-22031
375
-11667
93451
-38471
77623
-56896
-74685
79621
-41386
-13901
-98005
-48767
40041
86195
72602
-43413
85784
-53172
-31724
-1982
99144
15827
-29665
46523
20011
58496
-67411
424
-13900
-64473
-53917
-71285
-78911
-72591
84144
-19956
-97839
80056
68736
-96399
62000
-44003
47035
-14120
65505
-33348
94188
33819
-46009
-30126
41989
72182
-66621
-27000
12163
-37018
-19509
79237
-82077
-10134
-14960
-42720
-24358
61376
-43633
-96579
19472
-87245
36112
-7283
-80058
55960
27363
-17994
-49691
81818
-10746
-22598
74096
50018
63533
-21705
76260
61991
-82227
50671
65508
-80399
9142
35125
-74874
3318
-24699
-52504
17791
4905
35603
75627
33759
-28968
4866
-27036
-99784
73200
8658
-50771
46976
96243
65392
-86193
-84578
34473
-74237
-96044
34237
-76044
-36527
-95083
75380
47514
85211
29708
31924
-40050
58325
-30345
51747
-99971
62199
-45317
61196
-67057
-75999
-37702
-27782